asset,kind,used_by,sha256,size_bytes,upstream_source,frozen_record,redistributed_here,notes
bytetrack_ablation.pth.tar,detector checkpoint,"ByteTrack, BoT-SORT, OC-SORT and Deep-OC-SORT on the MOT17 validation half",26cb8d2808664e5068a4c812d53becbc948b47fd6eacf2b45db049ab40c48b1a,792835795,"Deep-OC-SORT external/weights bundle (README.md:42-43)",04A_ASSET_MANIFEST.json,no,"YOLOX-X MOT17 ablation weights. Byte-identical to ocsort_mot17_ablation.pth.tar: same SHA-256, same size."
ocsort_mot17_ablation.pth.tar,detector checkpoint,Hybrid-SORT on the MOT17 validation half,26cb8d2808664e5068a4c812d53becbc948b47fd6eacf2b45db049ab40c48b1a,792835795,"HybridSORT exps/example/mot/yolox_x_ablation_hybrid_sort{,_reid}.py:33",04A_ASSET_MANIFEST.json,no,"Byte-identical to bytetrack_ablation.pth.tar. Detector identity is therefore not a source of difference anywhere in the MOT17 ordering matrix."
osnet_ain_ms_d_c.pth.tar,re-identification checkpoint,"Deep-OC-SORT on MOT17 and on the executed MOT20 cell",2f38acc25e28cb29407635db2be315edc08d5457a904b72a9a11e427f41f3242,55926164,"Deep-OC-SORT external/weights bundle (embedding.py:190); upstream torchreid osnet_ain_x1_0 multi-source model","04A_ASSET_MANIFEST.json, 10A_MOT20_DEEPOCSORT_ASSET_MANIFEST.json",no,"The authors' own documented anti-leakage substitution: the MOT17/20 SBS models are trained over the half-val being evaluated, so a general model is used instead."
mot17_sbs_S50.pth,re-identification checkpoint,Hybrid-SORT ReID variant only,eb2e83afe774c85f20b735a7fabc423659c022387187eba449419c18dd6b4fa9,317604675,"HybridSORT README:183; yolox_x_ablation_hybrid_sort_reid.py:47",04A_ASSET_MANIFEST.json,no,"Used only by the ReID variant of Hybrid-SORT."
bytetrack_x_mot17.pth.tar,detector checkpoint,the one executed MOT20 cell (Deep-OC-SORT),e3945f3523fde1e107708aacd64dab0670c34e371d136e54587cac7a50d3cfba,792835731,"ByteTrack model zoo, README.md:148 'MOT17 test model'; also shipped in the Deep-OC-SORT bundle",10A_MOT20_DEEPOCSORT_ASSET_MANIFEST.json,no,"Both copies were downloaded independently and hashed to the same value: BYTE_IDENTICAL. A different file from bytetrack_ablation.pth.tar. Trained on MOT17+CrowdHuman+Cityperson+ETHZ, containing no MOT20 data."
bytetrack_x_mot20.pth.tar / bytetrack_x_mot20.tar,detector checkpoint,none — deliberately not acquired,,,"ByteTrack model zoo",10A_MOT20_DEEPOCSORT_ASSET_MANIFEST.json,no,"CONFIRMED eval leakage for the held-out MOT20 estimand. Not downloaded: the amendment forbids acquiring a checkpoint merely to execute an ineligible cell."
ocsort_x_mot20.pth.tar,detector checkpoint,none — deliberately not acquired,,,"OC-SORT release",10A_MOT20_DEEPOCSORT_ASSET_MANIFEST.json,no,"CONFIRMED eval leakage. Not downloaded."
mot20_sbs_S50.pth,re-identification checkpoint,none — deliberately not acquired,,,"BoT-SORT / HybridSORT fast_reid release",10A_MOT20_DEEPOCSORT_ASSET_MANIFEST.json,no,"POTENTIAL eval leakage: trained on the first half, while the frozen second half is its ReID gallery/test set. Not downloaded."
TrackEval @ 12c8791b303e0a0b50f753af204249e622d0281a,evaluator,every reported metric value,,,https://github.com/JonathonLuiten/TrackEval,02_PROSPECTIVE_PROTOCOL.json,no,"Used unmodified. The pin is enforced in code: metrics.freeze_inputs raises EvaluatorPinMismatch rather than falling back."
