tracker,sequence,frame,tracker_id,left_anchor,right_anchor,anchor_gt_id,gt_id_at_left,gt_id_at_right,gt_id_at_frame,gt_prev,gt_next,gt_gap_len,scoreable_gt_at_frame,why
ByteTrack,dancetrack0004,1029,11,1027,1031,3,1,1,0,1028,1030,1,3,"both anchors assign to GT id 3; that identity is annotated at frames 1028 and 1030 but not at 1029, so the scoreable reference set at the synthesized frame contains no instance of it"
ByteTrack,dancetrack0005,422,20,412,429,1,1,1,0,421,425,3,3,"both anchors assign to GT id 1; that identity is annotated at frames 421 and 425 but not at 422, so the scoreable reference set at the synthesized frame contains no instance of it"
ByteTrack,dancetrack0005,423,20,412,429,1,1,1,0,421,425,3,3,"both anchors assign to GT id 1; that identity is annotated at frames 421 and 425 but not at 423, so the scoreable reference set at the synthesized frame contains no instance of it"
ByteTrack,dancetrack0005,424,20,412,429,1,1,1,0,421,425,3,3,"both anchors assign to GT id 1; that identity is annotated at frames 421 and 425 but not at 424, so the scoreable reference set at the synthesized frame contains no instance of it"
OC-SORT,dancetrack0004,435,3,432,439,2,1,1,0,434,436,1,3,"both anchors assign to GT id 2; that identity is annotated at frames 434 and 436 but not at 435, so the scoreable reference set at the synthesized frame contains no instance of it"
OC-SORT,dancetrack0004,1017,1,1014,1020,3,1,1,0,1016,1018,1,3,"both anchors assign to GT id 3; that identity is annotated at frames 1016 and 1018 but not at 1017, so the scoreable reference set at the synthesized frame contains no instance of it"
OC-SORT,dancetrack0004,1029,1,1026,1033,3,1,1,0,1028,1030,1,3,"both anchors assign to GT id 3; that identity is annotated at frames 1028 and 1030 but not at 1029, so the scoreable reference set at the synthesized frame contains no instance of it"
OC-SORT,dancetrack0005,587,2,585,592,1,1,1,0,586,589,2,3,"both anchors assign to GT id 1; that identity is annotated at frames 586 and 589 but not at 587, so the scoreable reference set at the synthesized frame contains no instance of it"
Deep-OC-SORT,dancetrack0004,49,4,48,52,0,1,1,0,48,50,1,3,"both anchors assign to GT id 0; that identity is annotated at frames 48 and 50 but not at 49, so the scoreable reference set at the synthesized frame contains no instance of it"
Deep-OC-SORT,dancetrack0004,435,6,432,439,2,1,1,0,434,436,1,3,"both anchors assign to GT id 2; that identity is annotated at frames 434 and 436 but not at 435, so the scoreable reference set at the synthesized frame contains no instance of it"
Deep-OC-SORT,dancetrack0004,669,8,668,680,1,1,1,0,668,678,9,2,"both anchors assign to GT id 1; that identity is annotated at frames 668 and 678 but not at 669, so the scoreable reference set at the synthesized frame contains no instance of it"
Deep-OC-SORT,dancetrack0004,670,8,668,680,1,1,1,0,668,678,9,2,"both anchors assign to GT id 1; that identity is annotated at frames 668 and 678 but not at 670, so the scoreable reference set at the synthesized frame contains no instance of it"
Hybrid-SORT,dancetrack0004,49,2,48,52,0,1,1,0,48,50,1,3,"both anchors assign to GT id 0; that identity is annotated at frames 48 and 50 but not at 49, so the scoreable reference set at the synthesized frame contains no instance of it"
Hybrid-SORT,dancetrack0004,435,1,433,438,2,1,1,0,434,436,1,3,"both anchors assign to GT id 2; that identity is annotated at frames 434 and 436 but not at 435, so the scoreable reference set at the synthesized frame contains no instance of it"
Hybrid-SORT,dancetrack0004,1029,3,1027,1032,3,1,1,0,1028,1030,1,3,"both anchors assign to GT id 3; that identity is annotated at frames 1028 and 1030 but not at 1029, so the scoreable reference set at the synthesized frame contains no instance of it"
Hybrid-SORT,dancetrack0005,422,3,412,426,1,1,1,0,421,425,3,3,"both anchors assign to GT id 1; that identity is annotated at frames 421 and 425 but not at 422, so the scoreable reference set at the synthesized frame contains no instance of it"
