tracker,sequence,frame,tracker_id,assigned_class,left_anchor,right_anchor,left_gt_id,right_gt_id,scoreable_gt_at_frame,why_not_absent
ByteTrack,dancetrack0004,20,4,ANCHOR_UNMATCHED,19,24,-1,-1,4,"an anchor has no reference assignment, so ANCHOR_UNMATCHED fires first"
ByteTrack,dancetrack0004,21,4,ANCHOR_UNMATCHED,19,24,-1,-1,4,"an anchor has no reference assignment, so ANCHOR_UNMATCHED fires first"
ByteTrack,dancetrack0004,22,4,ANCHOR_UNMATCHED,19,24,-1,-1,4,"an anchor has no reference assignment, so ANCHOR_UNMATCHED fires first"
ByteTrack,dancetrack0004,23,4,ANCHOR_UNMATCHED,19,24,-1,-1,4,"an anchor has no reference assignment, so ANCHOR_UNMATCHED fires first"
OC-SORT,dancetrack0004,49,1,ANCHOR_ID_MISMATCH,48,52,2,0,3,"the two anchors assign to different GT identities (2 vs 0), so ANCHOR_ID_MISMATCH fires first"
OC-SORT,dancetrack0004,50,1,ANCHOR_ID_MISMATCH,48,52,2,0,4,"the two anchors assign to different GT identities (2 vs 0), so ANCHOR_ID_MISMATCH fires first"
OC-SORT,dancetrack0004,51,1,ANCHOR_ID_MISMATCH,48,52,2,0,4,"the two anchors assign to different GT identities (2 vs 0), so ANCHOR_ID_MISMATCH fires first"
OC-SORT,dancetrack0004,54,2,SEMANTICALLY_ADMITTED,53,59,1,1,4,"the anchor reference identity 1 IS present in the scoreable set at frame 54, so the row is admitted"
Deep-OC-SORT,dancetrack0004,50,4,SEMANTICALLY_ADMITTED,48,52,0,0,4,"the anchor reference identity 0 IS present in the scoreable set at frame 50, so the row is admitted"
Deep-OC-SORT,dancetrack0004,51,4,SEMANTICALLY_ADMITTED,48,52,0,0,4,"the anchor reference identity 0 IS present in the scoreable set at frame 51, so the row is admitted"
Deep-OC-SORT,dancetrack0004,54,2,SEMANTICALLY_ADMITTED,53,59,1,1,4,"the anchor reference identity 1 IS present in the scoreable set at frame 54, so the row is admitted"
Deep-OC-SORT,dancetrack0004,55,2,SEMANTICALLY_ADMITTED,53,59,1,1,4,"the anchor reference identity 1 IS present in the scoreable set at frame 55, so the row is admitted"
Hybrid-SORT,dancetrack0004,22,4,SEMANTICALLY_ADMITTED,21,25,1,1,4,"the anchor reference identity 1 IS present in the scoreable set at frame 22, so the row is admitted"
Hybrid-SORT,dancetrack0004,23,4,SEMANTICALLY_ADMITTED,21,25,1,1,4,"the anchor reference identity 1 IS present in the scoreable set at frame 23, so the row is admitted"
Hybrid-SORT,dancetrack0004,24,4,SEMANTICALLY_ADMITTED,21,25,1,1,4,"the anchor reference identity 1 IS present in the scoreable set at frame 24, so the row is admitted"
Hybrid-SORT,dancetrack0004,26,2,ANCHOR_UNMATCHED,25,30,-1,-1,4,"an anchor has no reference assignment, so ANCHOR_UNMATCHED fires first"
