tracker,sequence,n_synth,reference_absent,pct
ByteTrack,dancetrack0004,147,1,0.6802721088435374
ByteTrack,dancetrack0005,60,15,25.0
ByteTrack,dancetrack0007,173,15,8.670520231213873
ByteTrack,dancetrack0010,93,8,8.602150537634408
ByteTrack,dancetrack0014,442,24,5.429864253393665
ByteTrack,dancetrack0018,3,0,0.0
ByteTrack,dancetrack0019,331,3,0.9063444108761329
ByteTrack,dancetrack0025,381,11,2.8871391076115485
ByteTrack,dancetrack0026,408,61,14.950980392156863
ByteTrack,dancetrack0030,34,2,5.882352941176471
ByteTrack,dancetrack0034,585,42,7.17948717948718
ByteTrack,dancetrack0035,265,15,5.660377358490566
ByteTrack,dancetrack0041,1267,163,12.865035516969218
ByteTrack,dancetrack0043,150,13,8.666666666666666
ByteTrack,dancetrack0047,307,0,0.0
ByteTrack,dancetrack0058,184,13,7.065217391304348
ByteTrack,dancetrack0063,1209,0,0.0
ByteTrack,dancetrack0065,13,2,15.384615384615385
ByteTrack,dancetrack0073,53,0,0.0
ByteTrack,dancetrack0077,110,0,0.0
ByteTrack,dancetrack0079,238,0,0.0
ByteTrack,dancetrack0081,522,24,4.597701149425287
ByteTrack,dancetrack0090,735,67,9.115646258503402
ByteTrack,dancetrack0094,696,35,5.028735632183908
ByteTrack,dancetrack0097,105,12,11.428571428571429
OC-SORT,dancetrack0004,269,3,1.1152416356877324
OC-SORT,dancetrack0005,164,12,7.317073170731708
OC-SORT,dancetrack0007,286,12,4.195804195804196
OC-SORT,dancetrack0010,176,6,3.409090909090909
OC-SORT,dancetrack0014,799,98,12.265331664580726
OC-SORT,dancetrack0018,29,0,0.0
OC-SORT,dancetrack0019,764,30,3.926701570680628
OC-SORT,dancetrack0025,645,13,2.0155038759689923
OC-SORT,dancetrack0026,868,159,18.317972350230416
OC-SORT,dancetrack0030,106,2,1.8867924528301887
OC-SORT,dancetrack0034,997,92,9.227683049147442
OC-SORT,dancetrack0035,421,22,5.225653206650831
OC-SORT,dancetrack0041,2501,252,10.075969612155138
OC-SORT,dancetrack0043,262,24,9.16030534351145
OC-SORT,dancetrack0047,664,3,0.45180722891566266
OC-SORT,dancetrack0058,361,16,4.43213296398892
OC-SORT,dancetrack0063,1248,4,0.32051282051282054
OC-SORT,dancetrack0065,140,5,3.5714285714285716
OC-SORT,dancetrack0073,277,0,0.0
OC-SORT,dancetrack0077,164,0,0.0
OC-SORT,dancetrack0079,423,0,0.0
OC-SORT,dancetrack0081,1058,47,4.44234404536862
OC-SORT,dancetrack0090,1114,91,8.168761220825854
OC-SORT,dancetrack0094,1244,98,7.877813504823151
OC-SORT,dancetrack0097,123,18,14.634146341463415
Deep-OC-SORT,dancetrack0004,209,13,6.220095693779904
Deep-OC-SORT,dancetrack0005,150,13,8.666666666666666
Deep-OC-SORT,dancetrack0007,305,17,5.573770491803279
Deep-OC-SORT,dancetrack0010,184,12,6.521739130434782
Deep-OC-SORT,dancetrack0014,673,116,17.236255572065378
Deep-OC-SORT,dancetrack0018,26,0,0.0
Deep-OC-SORT,dancetrack0019,801,36,4.49438202247191
Deep-OC-SORT,dancetrack0025,621,22,3.5426731078904994
Deep-OC-SORT,dancetrack0026,888,137,15.427927927927929
Deep-OC-SORT,dancetrack0030,95,2,2.1052631578947367
Deep-OC-SORT,dancetrack0034,850,93,10.941176470588236
Deep-OC-SORT,dancetrack0035,398,32,8.040201005025125
Deep-OC-SORT,dancetrack0041,2450,257,10.489795918367347
Deep-OC-SORT,dancetrack0043,246,24,9.75609756097561
Deep-OC-SORT,dancetrack0047,653,18,2.756508422664625
Deep-OC-SORT,dancetrack0058,333,25,7.5075075075075075
Deep-OC-SORT,dancetrack0063,893,2,0.22396416573348266
Deep-OC-SORT,dancetrack0065,86,5,5.813953488372093
Deep-OC-SORT,dancetrack0073,280,0,0.0
Deep-OC-SORT,dancetrack0077,161,0,0.0
Deep-OC-SORT,dancetrack0079,334,0,0.0
Deep-OC-SORT,dancetrack0081,991,48,4.843592330978809
Deep-OC-SORT,dancetrack0090,1240,103,8.306451612903226
Deep-OC-SORT,dancetrack0094,1048,91,8.683206106870228
Deep-OC-SORT,dancetrack0097,107,23,21.49532710280374
Hybrid-SORT,dancetrack0004,206,3,1.4563106796116505
Hybrid-SORT,dancetrack0005,123,15,12.195121951219512
Hybrid-SORT,dancetrack0007,339,27,7.964601769911504
Hybrid-SORT,dancetrack0010,135,8,5.925925925925926
Hybrid-SORT,dancetrack0014,508,49,9.645669291338583
Hybrid-SORT,dancetrack0018,7,0,0.0
Hybrid-SORT,dancetrack0019,513,18,3.508771929824561
Hybrid-SORT,dancetrack0025,421,16,3.8004750593824226
Hybrid-SORT,dancetrack0026,748,82,10.962566844919786
Hybrid-SORT,dancetrack0030,46,2,4.3478260869565215
Hybrid-SORT,dancetrack0034,809,54,6.6749072929542645
Hybrid-SORT,dancetrack0035,399,13,3.2581453634085213
Hybrid-SORT,dancetrack0041,2265,221,9.757174392935982
Hybrid-SORT,dancetrack0043,203,22,10.83743842364532
Hybrid-SORT,dancetrack0047,573,4,0.6980802792321117
Hybrid-SORT,dancetrack0058,265,22,8.30188679245283
Hybrid-SORT,dancetrack0063,1244,0,0.0
Hybrid-SORT,dancetrack0065,32,2,6.25
Hybrid-SORT,dancetrack0073,309,0,0.0
Hybrid-SORT,dancetrack0077,139,0,0.0
Hybrid-SORT,dancetrack0079,254,4,1.5748031496062993
Hybrid-SORT,dancetrack0081,643,55,8.553654743390357
Hybrid-SORT,dancetrack0090,1130,117,10.353982300884956
Hybrid-SORT,dancetrack0094,1063,77,7.243650047036689
Hybrid-SORT,dancetrack0097,84,18,21.428571428571427
