tracker,sequence,frame,track_id,stv_class,max_iou,max_iou_gt_id,bucket,R2_match_status,R2_reference_id,n_scoreable_gt_in_frame
ByteTrack,dancetrack0004,20,4,ANCHOR_UNMATCHED,0.409537,0,BETWEEN_0_AND_GATE,NO_R2_MATCH,-1,4
ByteTrack,dancetrack0004,21,4,ANCHOR_UNMATCHED,0.302894,0,BETWEEN_0_AND_GATE,NO_R2_MATCH,-1,4
ByteTrack,dancetrack0004,22,4,ANCHOR_UNMATCHED,0.298357,0,BETWEEN_0_AND_GATE,NO_R2_MATCH,-1,4
ByteTrack,dancetrack0004,23,4,ANCHOR_UNMATCHED,0.303324,0,BETWEEN_0_AND_GATE,NO_R2_MATCH,-1,4
ByteTrack,dancetrack0004,26,4,ANCHOR_UNMATCHED,0.236137,0,BETWEEN_0_AND_GATE,NO_R2_MATCH,-1,4
ByteTrack,dancetrack0004,27,4,ANCHOR_UNMATCHED,0.27744,0,BETWEEN_0_AND_GATE,NO_R2_MATCH,-1,4
ByteTrack,dancetrack0004,49,1,ANCHOR_ID_MISMATCH,0.557925,2,GE_GATE,NO_R2_MATCH,-1,3
ByteTrack,dancetrack0004,100,1,ANCHOR_UNMATCHED,0.476227,0,BETWEEN_0_AND_GATE,NO_R2_MATCH,-1,4
ByteTrack,dancetrack0004,102,1,ANCHOR_UNMATCHED,0.455056,0,BETWEEN_0_AND_GATE,NO_R2_MATCH,-1,4
ByteTrack,dancetrack0004,103,1,ANCHOR_UNMATCHED,0.447613,0,BETWEEN_0_AND_GATE,NO_R2_MATCH,-1,4
ByteTrack,dancetrack0004,105,1,ANCHOR_UNMATCHED,0.393039,0,BETWEEN_0_AND_GATE,NO_R2_MATCH,-1,4
ByteTrack,dancetrack0004,106,1,ANCHOR_UNMATCHED,0.437288,0,BETWEEN_0_AND_GATE,NO_R2_MATCH,-1,4
ByteTrack,dancetrack0004,107,1,ANCHOR_UNMATCHED,0.428894,0,BETWEEN_0_AND_GATE,NO_R2_MATCH,-1,4
ByteTrack,dancetrack0004,134,1,ANCHOR_UNMATCHED,0.250006,0,BETWEEN_0_AND_GATE,NO_R2_MATCH,-1,4
ByteTrack,dancetrack0004,135,1,ANCHOR_UNMATCHED,0.276601,0,BETWEEN_0_AND_GATE,NO_R2_MATCH,-1,4
ByteTrack,dancetrack0004,136,1,ANCHOR_UNMATCHED,0.280445,0,BETWEEN_0_AND_GATE,NO_R2_MATCH,-1,4
ByteTrack,dancetrack0004,137,1,ANCHOR_UNMATCHED,0.286998,0,BETWEEN_0_AND_GATE,NO_R2_MATCH,-1,4
ByteTrack,dancetrack0004,138,1,ANCHOR_UNMATCHED,0.276406,0,BETWEEN_0_AND_GATE,NO_R2_MATCH,-1,4
ByteTrack,dancetrack0004,139,1,ANCHOR_UNMATCHED,0.338557,0,BETWEEN_0_AND_GATE,NO_R2_MATCH,-1,4
ByteTrack,dancetrack0004,140,1,ANCHOR_UNMATCHED,0.370726,0,BETWEEN_0_AND_GATE,NO_R2_MATCH,-1,4
ByteTrack,dancetrack0004,143,4,ANCHOR_UNMATCHED,0.514691,1,GE_GATE,MATCHED,1,4
ByteTrack,dancetrack0004,144,2,ANCHOR_ID_MISMATCH,0.604824,0,GE_GATE,MATCHED,1,4
ByteTrack,dancetrack0004,145,2,ANCHOR_ID_MISMATCH,0.626457,1,GE_GATE,MATCHED,1,4
ByteTrack,dancetrack0004,146,2,ANCHOR_ID_MISMATCH,0.658697,1,GE_GATE,MATCHED,1,4
ByteTrack,dancetrack0004,147,4,ANCHOR_UNMATCHED,0.678482,1,GE_GATE,NO_R2_MATCH,-1,4
ByteTrack,dancetrack0004,148,4,ANCHOR_UNMATCHED,0.746941,1,GE_GATE,MATCHED,1,4
ByteTrack,dancetrack0004,149,4,ANCHOR_UNMATCHED,0.794206,1,GE_GATE,NO_R2_MATCH,-1,4
ByteTrack,dancetrack0004,150,4,ANCHOR_UNMATCHED,0.732853,1,GE_GATE,NO_R2_MATCH,-1,4
ByteTrack,dancetrack0004,151,4,ANCHOR_UNMATCHED,0.70659,1,GE_GATE,NO_R2_MATCH,-1,4
ByteTrack,dancetrack0004,152,4,ANCHOR_UNMATCHED,0.692518,1,GE_GATE,MATCHED,1,4
ByteTrack,dancetrack0004,153,4,ANCHOR_UNMATCHED,0.669205,1,GE_GATE,MATCHED,1,4
ByteTrack,dancetrack0004,154,4,ANCHOR_UNMATCHED,0.617252,1,GE_GATE,MATCHED,1,4
ByteTrack,dancetrack0004,155,4,ANCHOR_UNMATCHED,0.48219,1,BETWEEN_0_AND_GATE,NO_R2_MATCH,-1,4
ByteTrack,dancetrack0004,292,4,ANCHOR_UNMATCHED,0.528499,3,GE_GATE,NO_R2_MATCH,-1,2
ByteTrack,dancetrack0004,293,4,ANCHOR_UNMATCHED,0.533237,3,GE_GATE,NO_R2_MATCH,-1,2
ByteTrack,dancetrack0004,294,4,ANCHOR_UNMATCHED,0.499128,3,BETWEEN_0_AND_GATE,NO_R2_MATCH,-1,2
ByteTrack,dancetrack0004,295,4,ANCHOR_UNMATCHED,0.808294,1,GE_GATE,MATCHED,1,2
ByteTrack,dancetrack0004,314,1,ANCHOR_ID_MISMATCH,0.563915,1,GE_GATE,MATCHED,2,3
ByteTrack,dancetrack0004,315,1,ANCHOR_ID_MISMATCH,0.551448,2,GE_GATE,MATCHED,2,3
ByteTrack,dancetrack0004,316,1,ANCHOR_ID_MISMATCH,0.541886,2,GE_GATE,MATCHED,2,3
ByteTrack,dancetrack0004,317,1,ANCHOR_ID_MISMATCH,0.536449,2,GE_GATE,MATCHED,2,3
ByteTrack,dancetrack0004,318,1,ANCHOR_ID_MISMATCH,0.522121,2,GE_GATE,MATCHED,2,3
ByteTrack,dancetrack0004,322,1,SEMANTICALLY_ADMITTED,0.77953,0,GE_GATE,MATCHED,0,4
ByteTrack,dancetrack0004,434,4,ANCHOR_UNMATCHED,0.500235,0,GE_GATE,NO_R2_MATCH,-1,4
ByteTrack,dancetrack0004,435,4,ANCHOR_UNMATCHED,0.527275,0,GE_GATE,NO_R2_MATCH,-1,3
ByteTrack,dancetrack0004,436,4,ANCHOR_UNMATCHED,0.586682,0,GE_GATE,NO_R2_MATCH,-1,4
ByteTrack,dancetrack0004,438,3,SEMANTICALLY_ADMITTED,0.811811,3,GE_GATE,MATCHED,3,4
ByteTrack,dancetrack0004,578,10,ANCHOR_ID_MISMATCH,0.362309,2,BETWEEN_0_AND_GATE,NO_R2_MATCH,-1,3
