tracker,sequence,n_r0,n_r2,n_synth,n_gt_scoreable,ANCHOR_UNMATCHED,ANCHOR_ID_MISMATCH,TARGET_REFERENCE_ABSENT,SEMANTICALLY_ADMITTED,NON_ADMITTED,pct_nonadmitted
ByteTrack,dancetrack0004,4464,4611,147,4586,70,56,1,20,127,86.39455782312925
ByteTrack,dancetrack0005,4600,4660,60,4739,3,2,15,40,20,33.333333333333336
ByteTrack,dancetrack0007,9196,9369,173,9471,32,37,15,89,84,48.554913294797686
ByteTrack,dancetrack0010,6787,6880,93,7029,11,15,8,59,34,36.55913978494624
ByteTrack,dancetrack0014,12533,12975,442,12655,198,127,24,93,349,78.95927601809954
ByteTrack,dancetrack0018,2519,2522,3,2935,0,0,0,3,0,0.0
ByteTrack,dancetrack0019,16059,16390,331,16504,113,42,3,173,158,47.73413897280967
ByteTrack,dancetrack0025,6882,7263,381,7079,203,73,11,94,287,75.32808398950131
ByteTrack,dancetrack0026,3924,4332,408,3993,210,56,61,81,327,80.1470588235294
ByteTrack,dancetrack0030,7553,7587,34,7572,0,12,2,20,14,41.1764705882353
ByteTrack,dancetrack0034,10600,11185,585,11142,233,74,42,236,349,59.65811965811966
ByteTrack,dancetrack0035,5043,5308,265,5263,64,86,15,100,165,62.264150943396224
ByteTrack,dancetrack0041,15290,16557,1267,16738,418,279,163,407,860,67.87687450670876
ByteTrack,dancetrack0043,1494,1644,150,1675,49,54,13,34,116,77.33333333333333
ByteTrack,dancetrack0047,9289,9596,307,9410,173,45,0,89,218,71.00977198697069
ByteTrack,dancetrack0058,10902,11086,184,11050,19,35,13,117,67,36.41304347826087
ByteTrack,dancetrack0063,8407,9616,1209,7614,1068,36,0,105,1104,91.3151364764268
ByteTrack,dancetrack0065,3499,3512,13,3505,0,4,2,7,6,46.15384615384615
ByteTrack,dancetrack0073,7099,7152,53,8470,15,28,0,10,43,81.13207547169812
ByteTrack,dancetrack0077,10821,10931,110,10827,37,3,0,70,40,36.36363636363637
ByteTrack,dancetrack0079,14091,14329,238,14523,6,124,0,108,130,54.621848739495796
ByteTrack,dancetrack0081,17482,18004,522,18809,116,134,24,248,274,52.490421455938694
ByteTrack,dancetrack0090,12171,12906,735,13142,249,143,67,276,459,62.44897959183673
ByteTrack,dancetrack0094,11009,11705,696,11749,357,136,35,168,528,75.86206896551724
ByteTrack,dancetrack0097,4596,4701,105,4668,15,41,12,37,68,64.76190476190476
OC-SORT,dancetrack0004,4290,4559,269,4586,16,150,3,100,169,62.825278810408925
OC-SORT,dancetrack0005,4475,4639,164,4739,8,12,12,132,32,19.51219512195122
OC-SORT,dancetrack0007,8976,9262,286,9471,17,93,12,164,122,42.65734265734266
OC-SORT,dancetrack0010,6658,6834,176,7029,10,7,6,153,23,13.068181818181818
OC-SORT,dancetrack0014,11893,12692,799,12655,153,256,98,292,507,63.454317897371716
OC-SORT,dancetrack0018,2482,2511,29,2935,0,0,0,29,0,0.0
OC-SORT,dancetrack0019,15448,16212,764,16504,84,228,30,422,342,44.76439790575916
OC-SORT,dancetrack0025,6397,7042,645,7079,91,111,13,430,215,33.333333333333336
OC-SORT,dancetrack0026,3293,4161,868,3993,119,273,159,317,551,63.47926267281106
OC-SORT,dancetrack0030,7475,7581,106,7572,0,25,2,79,27,25.471698113207548
OC-SORT,dancetrack0034,9631,10628,997,11142,82,178,92,645,352,35.30591775325978
OC-SORT,dancetrack0035,4718,5139,421,5263,58,166,22,175,246,58.43230403800475
OC-SORT,dancetrack0041,13120,15621,2501,16738,474,540,252,1235,1266,50.61975209916034
OC-SORT,dancetrack0043,1224,1486,262,1675,14,106,24,118,144,54.961832061068705
OC-SORT,dancetrack0047,8663,9327,664,9410,167,197,3,297,367,55.2710843373494
OC-SORT,dancetrack0058,10648,11009,361,11050,0,115,16,230,131,36.28808864265928
OC-SORT,dancetrack0063,6723,7971,1248,7614,605,200,4,439,809,64.82371794871794
OC-SORT,dancetrack0065,3412,3552,140,3505,0,16,5,119,21,15.0
OC-SORT,dancetrack0073,6695,6972,277,8470,41,102,0,134,143,51.624548736462096
OC-SORT,dancetrack0077,10658,10822,164,10827,3,21,0,140,24,14.634146341463415
OC-SORT,dancetrack0079,13791,14214,423,14523,11,145,0,267,156,36.87943262411348
OC-SORT,dancetrack0081,16617,17675,1058,18809,45,284,47,682,376,35.53875236294896
OC-SORT,dancetrack0090,11062,12176,1114,13142,94,244,91,685,429,38.50987432675045
OC-SORT,dancetrack0094,9905,11149,1244,11749,242,299,98,605,639,51.366559485530544
OC-SORT,dancetrack0097,4533,4656,123,4668,4,49,18,52,71,57.72357723577236
Deep-OC-SORT,dancetrack0004,4285,4494,209,4586,16,73,13,107,102,48.803827751196174
Deep-OC-SORT,dancetrack0005,4499,4649,150,4739,3,15,13,119,31,20.666666666666668
Deep-OC-SORT,dancetrack0007,8969,9274,305,9471,17,56,17,215,90,29.508196721311474
Deep-OC-SORT,dancetrack0010,6659,6843,184,7029,6,0,12,166,18,9.782608695652174
Deep-OC-SORT,dancetrack0014,11916,12589,673,12655,150,104,116,303,370,54.977711738484395
Deep-OC-SORT,dancetrack0018,2492,2518,26,2935,0,0,0,26,0,0.0
Deep-OC-SORT,dancetrack0019,15446,16247,801,16504,61,190,36,514,287,35.830212234706615
Deep-OC-SORT,dancetrack0025,6397,7018,621,7079,113,58,22,428,193,31.07890499194847
Deep-OC-SORT,dancetrack0026,3259,4147,888,3993,162,258,137,331,557,62.72522522522522
Deep-OC-SORT,dancetrack0030,7484,7579,95,7572,0,19,2,74,21,22.105263157894736
Deep-OC-SORT,dancetrack0034,9676,10526,850,11142,43,124,93,590,260,30.58823529411765
Deep-OC-SORT,dancetrack0035,4737,5135,398,5263,57,110,32,199,199,50.0
Deep-OC-SORT,dancetrack0041,13146,15596,2450,16738,515,518,257,1160,1290,52.6530612244898
Deep-OC-SORT,dancetrack0043,1227,1473,246,1675,9,60,24,153,93,37.80487804878049
Deep-OC-SORT,dancetrack0047,8656,9309,653,9410,142,121,18,372,281,43.03215926493109
Deep-OC-SORT,dancetrack0058,10647,10980,333,11050,0,57,25,251,82,24.624624624624623
Deep-OC-SORT,dancetrack0063,6887,7780,893,7614,400,127,2,364,529,59.23852183650616
Deep-OC-SORT,dancetrack0065,3430,3516,86,3505,0,9,5,72,14,16.27906976744186
Deep-OC-SORT,dancetrack0073,6702,6982,280,8470,55,58,0,167,113,40.357142857142854
Deep-OC-SORT,dancetrack0077,10666,10827,161,10827,3,22,0,136,25,15.527950310559007
Deep-OC-SORT,dancetrack0079,13808,14142,334,14523,3,61,0,270,64,19.161676646706585
Deep-OC-SORT,dancetrack0081,16626,17617,991,18809,30,226,48,687,304,30.67608476286579
Deep-OC-SORT,dancetrack0090,11058,12298,1240,13142,76,270,103,791,449,36.20967741935484
Deep-OC-SORT,dancetrack0094,9940,10988,1048,11749,149,238,91,570,478,45.61068702290076
Deep-OC-SORT,dancetrack0097,4537,4644,107,4668,5,16,23,63,44,41.12149532710281
Hybrid-SORT,dancetrack0004,4457,4663,206,4586,102,32,3,69,137,66.50485436893204
Hybrid-SORT,dancetrack0005,4592,4715,123,4739,24,12,15,72,51,41.46341463414634
Hybrid-SORT,dancetrack0007,9166,9505,339,9471,58,28,27,226,113,33.333333333333336
Hybrid-SORT,dancetrack0010,6764,6899,135,7029,10,13,8,104,31,22.962962962962962
Hybrid-SORT,dancetrack0014,12424,12932,508,12655,261,59,49,139,369,72.63779527559055
Hybrid-SORT,dancetrack0018,2513,2520,7,2935,0,0,0,7,0,0.0
Hybrid-SORT,dancetrack0019,16016,16529,513,16504,153,73,18,269,244,47.56335282651072
Hybrid-SORT,dancetrack0025,6802,7223,421,7079,176,60,16,169,252,59.857482185273156
Hybrid-SORT,dancetrack0026,3746,4494,748,3993,344,160,82,162,586,78.34224598930481
Hybrid-SORT,dancetrack0030,7532,7578,46,7572,0,10,2,34,12,26.08695652173913
Hybrid-SORT,dancetrack0034,10489,11298,809,11142,264,194,54,297,512,63.288009888751546
Hybrid-SORT,dancetrack0035,4958,5357,399,5263,111,102,13,173,226,56.64160401002506
Hybrid-SORT,dancetrack0041,15530,17795,2265,16738,1172,282,221,590,1675,73.9514348785872
Hybrid-SORT,dancetrack0043,1465,1668,203,1675,70,69,22,42,161,79.3103448275862
Hybrid-SORT,dancetrack0047,9316,9889,573,9410,301,86,4,182,391,68.23734729493891
Hybrid-SORT,dancetrack0058,10837,11102,265,11050,55,30,22,158,107,40.37735849056604
Hybrid-SORT,dancetrack0063,7924,9168,1244,7614,916,95,0,233,1011,81.27009646302251
Hybrid-SORT,dancetrack0065,3477,3509,32,3505,0,3,2,27,5,15.625
Hybrid-SORT,dancetrack0073,7290,7599,309,8470,138,63,0,108,201,65.04854368932038
Hybrid-SORT,dancetrack0077,10781,10920,139,10827,27,4,0,108,31,22.302158273381295
Hybrid-SORT,dancetrack0079,14031,14285,254,14523,66,56,4,128,126,49.60629921259842
Hybrid-SORT,dancetrack0081,17362,18005,643,18809,43,171,55,374,269,41.835147744945566
Hybrid-SORT,dancetrack0090,12220,13350,1130,13142,364,137,117,512,618,54.690265486725664
Hybrid-SORT,dancetrack0094,11124,12187,1063,11749,531,193,77,262,801,75.35277516462841
Hybrid-SORT,dancetrack0097,4577,4661,84,4668,20,9,18,37,47,55.95238095238095
