tracker,state,sequences,dets,HOTA,DetA,AssA,IDF1,MOTA
ByteTrack,R0,25,-1,46.8928275477346,70.65811721040761,31.24834200818102,51.63616923920282,88.30857924565176
ByteTrack,R2_PRIMARY,25,-1,46.809216685511,70.19787950297524,31.347429213569107,51.525771775388975,87.71830085099579
ByteTrack,R2_SENS30,25,-1,46.812689075347315,70.20249897551697,31.349942853478847,51.53344506136892,87.73118126743297
OC-SORT,R0,25,-1,52.235155333312676,77.38341956951847,35.380423720881495,51.8532020049774,87.29546787002327
OC-SORT,R2_PRIMARY,25,-1,52.893852667609686,78.7158099454961,35.69336291918857,52.302511296999356,89.74452360225274
OC-SORT,R2_SENS30,25,-1,52.903411285416055,78.72330129028762,35.702319827315755,52.32187936072111,89.7440794499618
Deep-OC-SORT,R0,25,-1,58.65473883855209,77.63645288549303,44.45698321736142,59.461541873979975,87.57883703164141
Deep-OC-SORT,R2_PRIMARY,25,-1,59.33331346048924,79.07125682827422,44.70041812758598,59.888451547412615,90.22021070584682
Deep-OC-SORT,R2_SENS30,25,-1,59.34868000887788,79.10416578661219,44.70473468337913,59.90890340323135,90.24552738643025
Hybrid-SORT,R0,25,-1,59.312829873707116,78.8666444116411,44.81371467492624,60.87560522176142,89.51578517241991
Hybrid-SORT,R2_PRIMARY,25,-1,59.12313809213959,78.35959129250236,44.83790909053948,60.69152470535255,89.37765380993835
Hybrid-SORT,R2_SENS30,25,-1,59.13610768242948,78.39105044638464,44.83960424468674,60.70632085178921,89.41984827757742
