tracker,metric,R0,R2_PRIMARY,delta,sign
ByteTrack,HOTA,46.8928275477346,46.809216685511,-0.08361086222360115,NEGATIVE
ByteTrack,DetA,70.65811721040761,70.19787950297524,-0.4602377074323698,NEGATIVE
ByteTrack,AssA,31.24834200818102,31.347429213569107,0.0990872053880878,POSITIVE
ByteTrack,IDF1,51.63616923920282,51.525771775388975,-0.11039746381384674,NEGATIVE
ByteTrack,MOTA,88.30857924565176,87.71830085099579,-0.590278394655968,NEGATIVE
OC-SORT,HOTA,52.235155333312676,52.893852667609686,0.6586973342970097,POSITIVE
OC-SORT,DetA,77.38341956951847,78.7158099454961,1.3323903759776385,POSITIVE
OC-SORT,AssA,35.380423720881495,35.69336291918857,0.3129391983070775,POSITIVE
OC-SORT,IDF1,51.8532020049774,52.302511296999356,0.44930929202195813,POSITIVE
OC-SORT,MOTA,87.29546787002327,89.74452360225274,2.4490557322294677,POSITIVE
Deep-OC-SORT,HOTA,58.65473883855209,59.33331346048924,0.6785746219371447,POSITIVE
Deep-OC-SORT,DetA,77.63645288549303,79.07125682827422,1.434803942781187,POSITIVE
Deep-OC-SORT,AssA,44.45698321736142,44.70041812758598,0.24343491022456476,POSITIVE
Deep-OC-SORT,IDF1,59.461541873979975,59.888451547412615,0.42690967343263964,POSITIVE
Deep-OC-SORT,MOTA,87.57883703164141,90.22021070584682,2.6413736742054112,POSITIVE
Hybrid-SORT,HOTA,59.312829873707116,59.12313809213959,-0.1896917815675252,NEGATIVE
Hybrid-SORT,DetA,78.8666444116411,78.35959129250236,-0.507053119138746,NEGATIVE
Hybrid-SORT,AssA,44.81371467492624,44.83790909053948,0.024194415613244757,POSITIVE
Hybrid-SORT,IDF1,60.87560522176142,60.69152470535255,-0.18408051640886924,NEGATIVE
Hybrid-SORT,MOTA,89.51578517241991,89.37765380993835,-0.138131362481559,NEGATIVE
