tracker,state,gate,synthesized,ANCHOR_UNMATCHED,ANCHOR_ID_MISMATCH,TARGET_REFERENCE_ABSENT,SEMANTICALLY_ADMITTED,NON_ADMITTED,pct_admitted,pct_nonadmitted
ByteTrack,R2_PRIMARY,0.3,8511,2805,1966,620,3120,5391,36.65844201621431,63.34155798378569
ByteTrack,R2_PRIMARY,0.4,8511,3105,1833,595,2978,5533,34.99001292445071,65.00998707554929
ByteTrack,R2_PRIMARY,0.5,8511,3659,1642,526,2684,5827,31.535659734461284,68.46434026553871
ByteTrack,R2_PRIMARY,0.6,8511,4930,1148,413,2020,6491,23.73399130536952,76.26600869463047
ByteTrack,R2_PRIMARY,0.7,8511,6386,595,264,1266,7245,14.87486781811773,85.12513218188226
OC-SORT,R2_PRIMARY,0.3,15103,1255,4321,1031,8496,6607,56.253724425610805,43.746275574389195
OC-SORT,R2_PRIMARY,0.4,15103,1554,4190,1024,8335,6768,55.187711050784614,44.812288949215386
OC-SORT,R2_PRIMARY,0.5,15103,2338,3817,1007,7941,7162,52.578957822949086,47.421042177050914
OC-SORT,R2_PRIMARY,0.6,15103,3921,3286,930,6966,8137,46.12328676421903,53.87671323578097
OC-SORT,R2_PRIMARY,0.7,15103,6747,2362,683,5311,9792,35.16519896709263,64.83480103290736
Deep-OC-SORT,R2_PRIMARY,0.3,14022,1062,3179,1132,8649,5373,61.6816431322208,38.3183568677792
Deep-OC-SORT,R2_PRIMARY,0.4,14022,1262,3085,1124,8551,5471,60.982741406361434,39.017258593638566
Deep-OC-SORT,R2_PRIMARY,0.5,14022,2015,2790,1089,8128,5894,57.966053344743976,42.033946655256024
Deep-OC-SORT,R2_PRIMARY,0.6,14022,3596,2295,992,7139,6883,50.9128512337755,49.0871487662245
Deep-OC-SORT,R2_PRIMARY,0.7,14022,6162,1599,743,5518,8504,39.35244615604051,60.64755384395949
Hybrid-SORT,R2_PRIMARY,0.3,12458,3920,2373,935,5230,7228,41.98105634933376,58.01894365066624
Hybrid-SORT,R2_PRIMARY,0.4,12458,4303,2189,905,5061,7397,40.62449831433617,59.37550168566383
Hybrid-SORT,R2_PRIMARY,0.5,12458,5206,1941,829,4482,7976,35.97688232461069,64.0231176753893
Hybrid-SORT,R2_PRIMARY,0.6,12458,6461,1498,693,3806,8652,30.550650184620324,69.44934981537968
Hybrid-SORT,R2_PRIMARY,0.7,12458,8349,953,484,2672,9786,21.44806550008027,78.55193449991972
