tracker_a,tracker_b,metric,margin_R0,margin_R2_PRIMARY,delta_margin,relation_R0,relation_R2_PRIMARY,relation_sign_changed
ByteTrack,Deep-OC-SORT,AssA,-13.2086412091804,-13.352988914016876,-0.14434770483647696,A_LESS,A_LESS,0
ByteTrack,Deep-OC-SORT,DetA,-6.978335675085418,-8.873377325298975,-1.8950416502135567,A_LESS,A_LESS,0
ByteTrack,Deep-OC-SORT,HOTA,-11.761911290817494,-12.52409677497824,-0.7621854841607458,A_LESS,A_LESS,0
ByteTrack,Deep-OC-SORT,IDF1,-7.825372634777153,-8.36267977202364,-0.5373071372464864,A_LESS,A_LESS,0
ByteTrack,Deep-OC-SORT,MOTA,0.7297422140103436,-2.5019098548510357,-3.2316520688613792,A_GREATER,A_LESS,1
ByteTrack,Hybrid-SORT,AssA,-13.565372666745219,-13.490479876970376,0.07489278977484304,A_LESS,A_LESS,0
ByteTrack,Hybrid-SORT,DetA,-8.208527201233494,-8.161711789527118,0.04681541170637615,A_LESS,A_LESS,0
ByteTrack,Hybrid-SORT,HOTA,-12.420002325972519,-12.313921406628594,0.10608091934392405,A_LESS,A_LESS,0
ByteTrack,Hybrid-SORT,IDF1,-9.239435982558597,-9.165752929963574,0.0736830525950225,A_LESS,A_LESS,0
ByteTrack,Hybrid-SORT,MOTA,-1.2072059267681539,-1.6593529589425629,-0.452147032174409,A_LESS,A_LESS,0
ByteTrack,OC-SORT,AssA,-4.132081712700476,-4.345933705619466,-0.2138519929189897,A_LESS,A_LESS,0
ByteTrack,OC-SORT,DetA,-6.725302359110856,-8.517930442520864,-1.7926280834100083,A_LESS,A_LESS,0
ByteTrack,OC-SORT,HOTA,-5.342327785578078,-6.084635982098689,-0.7423081965206109,A_LESS,A_LESS,0
ByteTrack,OC-SORT,IDF1,-0.21703276577457586,-0.7767395216103807,-0.5597067558358049,A_LESS,A_LESS,0
ByteTrack,OC-SORT,MOTA,1.0131113756284833,-2.0262227512569524,-3.0393341268854357,A_GREATER,A_LESS,1
Deep-OC-SORT,Hybrid-SORT,AssA,-0.3567314575648197,-0.13749096295349972,0.21924049461132,A_LESS,A_LESS,0
Deep-OC-SORT,Hybrid-SORT,DetA,-1.2301915261480758,0.7116655357718571,1.941857061919933,A_LESS,A_GREATER,1
Deep-OC-SORT,Hybrid-SORT,HOTA,-0.6580910351550244,0.21017536834964545,0.8682664035046699,A_LESS,A_GREATER,1
Deep-OC-SORT,Hybrid-SORT,IDF1,-1.4140633477814433,-0.8030731579399344,0.6109901898415089,A_LESS,A_LESS,0
Deep-OC-SORT,Hybrid-SORT,MOTA,-1.9369481407784974,0.8425568959084728,2.7795050366869702,A_LESS,A_GREATER,1
OC-SORT,Deep-OC-SORT,AssA,-9.076559496479923,-9.00705520839741,0.06950428808251274,A_LESS,A_LESS,0
OC-SORT,Deep-OC-SORT,DetA,-0.25303331597456236,-0.35544688277811076,-0.1024135668035484,A_LESS,A_LESS,0
OC-SORT,Deep-OC-SORT,HOTA,-6.419583505239416,-6.439460792879551,-0.019877287640134966,A_LESS,A_LESS,0
OC-SORT,Deep-OC-SORT,IDF1,-7.608339869002577,-7.585940250413259,0.022399618589318493,A_LESS,A_LESS,0
OC-SORT,Deep-OC-SORT,MOTA,-0.28336916161813974,-0.4756871035940833,-0.19231794197594354,A_LESS,A_LESS,0
OC-SORT,Hybrid-SORT,AssA,-9.433290954044743,-9.14454617135091,0.28874478269383275,A_LESS,A_LESS,0
OC-SORT,Hybrid-SORT,DetA,-1.4832248421226382,0.35621865299374633,1.8394434951163845,A_LESS,A_GREATER,1
OC-SORT,Hybrid-SORT,HOTA,-7.07767454039444,-6.229285424529905,0.8483891158645349,A_LESS,A_LESS,0
OC-SORT,Hybrid-SORT,IDF1,-9.02240321678402,-8.389013408353193,0.6333898084308274,A_LESS,A_LESS,0
OC-SORT,Hybrid-SORT,MOTA,-2.220317302396637,0.36686979231438954,2.5871870947110267,A_LESS,A_GREATER,1
