pipeline,iou_gate,n_synth,n_admitted,pct_admitted,n_unmatched,pct_unmatched,n_id_mismatch,pct_id_mismatch,n_reference_absent,pct_reference_absent,n_nonadmitted,pct_nonadmitted
BoTSORT,0.30,2090,1447,69.2344,369,17.6555,274,13.11,0,0.0,643,30.7656
BoTSORT,0.40,2090,1406,67.2727,442,21.1483,242,11.5789,0,0.0,684,32.7273
BoTSORT,0.50,2090,1287,61.5789,576,27.5598,227,10.8612,0,0.0,803,38.4211
BoTSORT,0.60,2090,1159,55.4545,781,37.3684,150,7.177,0,0.0,931,44.5455
BoTSORT,0.70,2090,882,42.201,1121,53.6364,87,4.1627,0,0.0,1208,57.799
ByteTrack,0.30,2072,1369,66.0714,417,20.1255,286,13.8031,0,0.0,703,33.9286
ByteTrack,0.40,2072,1321,63.7548,496,23.9382,255,12.3069,0,0.0,751,36.2452
ByteTrack,0.50,2072,1224,59.0734,604,29.1506,244,11.7761,0,0.0,848,40.9266
ByteTrack,0.60,2072,1047,50.5309,851,41.0714,174,8.3977,0,0.0,1025,49.4691
ByteTrack,0.70,2072,824,39.7683,1171,56.5154,77,3.7162,0,0.0,1248,60.2317
OCSORT,0.30,2622,1944,74.1419,261,9.9542,417,15.9039,0,0.0,678,25.8581
OCSORT,0.40,2622,1919,73.1884,299,11.4035,404,15.4081,0,0.0,703,26.8116
OCSORT,0.50,2622,1839,70.1373,408,15.5606,375,14.3021,0,0.0,783,29.8627
OCSORT,0.60,2622,1627,62.0519,669,25.5149,326,12.4333,0,0.0,995,37.9481
OCSORT,0.70,2622,1151,43.8978,1240,47.2921,231,8.8101,0,0.0,1471,56.1022
