deployment,dataset,state,metric,value
BoT-SORT,MOT17,R0,AssA,71.708
BoT-SORT,MOT17,R0,DetA,67.251
BoT-SORT,MOT17,R0,HOTA,69.195
BoT-SORT,MOT17,R0,IDF1,81.644
BoT-SORT,MOT17,R0,MOTA,78.439
BoT-SORT,MOT17,R1,AssA,72.775
BoT-SORT,MOT17,R1,DetA,68.752
BoT-SORT,MOT17,R1,HOTA,70.48
BoT-SORT,MOT17,R1,IDF1,82.801
BoT-SORT,MOT17,R1,MOTA,80.601
BoT-SORT,MOT17,R2,AssA,72.68
BoT-SORT,MOT17,R2,DetA,68.74
BoT-SORT,MOT17,R2,HOTA,70.419
BoT-SORT,MOT17,R2,IDF1,82.698
BoT-SORT,MOT17,R2,MOTA,80.499
ByteTrack,MOT17,R0,AssA,69.79
ByteTrack,MOT17,R0,DetA,66.63
ByteTrack,MOT17,R0,HOTA,67.92
ByteTrack,MOT17,R0,IDF1,79.904
ByteTrack,MOT17,R0,MOTA,77.955
ByteTrack,MOT17,R1,AssA,70.663
ByteTrack,MOT17,R1,DetA,68.05
ByteTrack,MOT17,R1,HOTA,69.067
ByteTrack,MOT17,R1,IDF1,80.932
ByteTrack,MOT17,R1,MOTA,80.017
ByteTrack,MOT17,R2,AssA,70.558
ByteTrack,MOT17,R2,DetA,67.971
ByteTrack,MOT17,R2,HOTA,68.967
ByteTrack,MOT17,R2,IDF1,80.82
ByteTrack,MOT17,R2,MOTA,79.74
Deep-OC-SORT,MOT17,R0,AssA,72.449
Deep-OC-SORT,MOT17,R0,DetA,64.787
Deep-OC-SORT,MOT17,R0,HOTA,68.311
Deep-OC-SORT,MOT17,R0,IDF1,81.133
Deep-OC-SORT,MOT17,R0,MOTA,75.153
Deep-OC-SORT,MOT17,R1,AssA,73.862
Deep-OC-SORT,MOT17,R1,DetA,67.438
Deep-OC-SORT,MOT17,R1,HOTA,70.36
Deep-OC-SORT,MOT17,R1,IDF1,83.036
Deep-OC-SORT,MOT17,R1,MOTA,79.0
Deep-OC-SORT,MOT17,R2,AssA,73.603
Deep-OC-SORT,MOT17,R2,DetA,67.523
Deep-OC-SORT,MOT17,R2,HOTA,70.269
Deep-OC-SORT,MOT17,R2,IDF1,82.901
Deep-OC-SORT,MOT17,R2,MOTA,78.937
Hybrid-SORT,MOT17,R0,AssA,68.473
Hybrid-SORT,MOT17,R0,DetA,65.991
Hybrid-SORT,MOT17,R0,HOTA,66.948
Hybrid-SORT,MOT17,R0,IDF1,77.745
Hybrid-SORT,MOT17,R0,MOTA,75.992
Hybrid-SORT,MOT17,R1,AssA,69.183
Hybrid-SORT,MOT17,R1,DetA,67.784
Hybrid-SORT,MOT17,R1,HOTA,68.194
Hybrid-SORT,MOT17,R1,IDF1,78.815
Hybrid-SORT,MOT17,R1,MOTA,78.616
Hybrid-SORT,MOT17,R2,AssA,68.92
Hybrid-SORT,MOT17,R2,DetA,67.312
Hybrid-SORT,MOT17,R2,HOTA,67.811
Hybrid-SORT,MOT17,R2,IDF1,78.193
Hybrid-SORT,MOT17,R2,MOTA,77.588
OC-SORT,MOT17,R0,AssA,69.006
OC-SORT,MOT17,R0,DetA,64.238
OC-SORT,MOT17,R0,HOTA,66.372
OC-SORT,MOT17,R0,IDF1,77.932
OC-SORT,MOT17,R0,MOTA,74.535
OC-SORT,MOT17,R1,AssA,70.037
OC-SORT,MOT17,R1,DetA,66.546
OC-SORT,MOT17,R1,HOTA,68.048
OC-SORT,MOT17,R1,IDF1,79.501
OC-SORT,MOT17,R1,MOTA,77.801
OC-SORT,MOT17,R2,AssA,69.84
OC-SORT,MOT17,R2,DetA,66.644
OC-SORT,MOT17,R2,HOTA,67.99
OC-SORT,MOT17,R2,IDF1,79.418
OC-SORT,MOT17,R2,MOTA,77.81
OC-SORT-GPR,MOT17,S0,AssA,69.84
OC-SORT-GPR,MOT17,S0,DetA,66.644
OC-SORT-GPR,MOT17,S0,HOTA,67.99
OC-SORT-GPR,MOT17,S0,IDF1,79.418
OC-SORT-GPR,MOT17,S0,MOTA,77.81
OC-SORT-GPR,MOT17,S2,AssA,69.84
OC-SORT-GPR,MOT17,S2,DetA,66.644
OC-SORT-GPR,MOT17,S2,HOTA,67.99
OC-SORT-GPR,MOT17,S2,IDF1,79.418
OC-SORT-GPR,MOT17,S2,MOTA,77.81
