comparison_id,deployment_a,deployment_b,metric,sequence,a_R0,b_R0,margin_R0,relation_R0,a_R2,b_R2,margin_R2,relation_R2,transition
1,BoT-SORT,Deep-OC-SORT,IDF1,MOT17-02-FRCNN,57.44369698742322,58.81076942707669,-1.3670724396534695,A_LESS,60.670154736724925,63.094593781947204,-2.424439045222279,A_LESS,UNCHANGED_A_LESS
1,BoT-SORT,Deep-OC-SORT,IDF1,MOT17-04-FRCNN,90.93500450629833,89.90888626862473,1.0261182376736002,A_GREATER,91.55588841041003,90.43437882561527,1.1215095847947651,A_GREATER,UNCHANGED_A_GREATER
1,BoT-SORT,Deep-OC-SORT,IDF1,MOT17-05-FRCNN,79.70876859765748,77.2364624002716,2.472306197385876,A_GREATER,81.21765601217656,79.19198554770898,2.0256704644675807,A_GREATER,UNCHANGED_A_GREATER
1,BoT-SORT,Deep-OC-SORT,IDF1,MOT17-09-FRCNN,81.80451127819549,76.06185163437071,5.74265964382478,A_GREATER,83.4070796460177,79.38902508014331,4.018054565874394,A_GREATER,UNCHANGED_A_GREATER
1,BoT-SORT,Deep-OC-SORT,IDF1,MOT17-10-FRCNN,77.45729487538505,77.7342573064176,-0.27696243103255824,A_LESS,77.87903893951948,81.92400192400193,-4.044962984482453,A_LESS,UNCHANGED_A_LESS
1,BoT-SORT,Deep-OC-SORT,IDF1,MOT17-11-FRCNN,79.0883190883191,81.6840067747399,-2.5956876864208027,A_LESS,80.52959501557633,83.27845719661336,-2.748862181037026,A_LESS,UNCHANGED_A_LESS
1,BoT-SORT,Deep-OC-SORT,IDF1,MOT17-13-FRCNN,89.95929443690638,84.46983220278472,5.48946223412166,A_GREATER,90.68948163059889,86.47897115050401,4.210510480094882,A_GREATER,UNCHANGED_A_GREATER
2,Deep-OC-SORT,Hybrid-SORT,DetA,MOT17-02-FRCNN,45.17306516950065,48.090817254806254,-2.917752085305601,A_LESS,50.574456409661586,50.921553460814074,-0.34709705115248823,A_LESS,UNCHANGED_A_LESS
2,Deep-OC-SORT,Hybrid-SORT,DetA,MOT17-04-FRCNN,77.28765894062778,77.93243668306995,-0.644777742442173,A_LESS,78.52810011508573,78.75270811168804,-0.2246079966023018,A_LESS,UNCHANGED_A_LESS
2,Deep-OC-SORT,Hybrid-SORT,DetA,MOT17-05-FRCNN,59.88785384826008,60.873169172094336,-0.9853153238342571,A_LESS,63.025430280017694,62.714363101402995,0.31106717861469946,A_GREATER,FLIP_TO_A_GREATER
2,Deep-OC-SORT,Hybrid-SORT,DetA,MOT17-09-FRCNN,66.02079400225178,69.81406860230915,-3.793274600057373,A_LESS,70.10086963302105,72.56778066394818,-2.466911030927136,A_LESS,UNCHANGED_A_LESS
2,Deep-OC-SORT,Hybrid-SORT,DetA,MOT17-10-FRCNN,51.961066622168964,57.07158585521866,-5.110519233049693,A_LESS,56.51849932848542,58.98752302197758,-2.4690236934921614,A_LESS,UNCHANGED_A_LESS
2,Deep-OC-SORT,Hybrid-SORT,DetA,MOT17-11-FRCNN,64.01686243458194,62.64592918364906,1.3709332509328789,A_GREATER,66.30606202163844,64.1572740000902,2.148788021548242,A_GREATER,UNCHANGED_A_GREATER
2,Deep-OC-SORT,Hybrid-SORT,DetA,MOT17-13-FRCNN,62.10859375250447,63.291618143493025,-1.1830243909885567,A_LESS,64.6371915510822,64.21401698415433,0.4231745669278695,A_GREATER,FLIP_TO_A_GREATER
3,Deep-OC-SORT,Hybrid-SORT,MOTA,MOT17-02-FRCNN,52.226720647773284,49.46356275303644,2.7631578947368425,A_GREATER,58.93724696356275,51.35627530364373,7.580971659919022,A_GREATER,UNCHANGED_A_GREATER
3,Deep-OC-SORT,Hybrid-SORT,MOTA,MOT17-04-FRCNN,87.79055339564894,89.07271072876168,-1.2821573331127354,A_LESS,89.80064521465795,90.17288444040037,-0.37223922574241897,A_LESS,UNCHANGED_A_LESS
3,Deep-OC-SORT,Hybrid-SORT,MOTA,MOT17-05-FRCNN,72.29669347631814,73.27971403038427,-0.9830205540661296,A_LESS,76.07983318439082,75.06702412868633,1.0128090557044942,A_GREATER,FLIP_TO_A_GREATER
3,Deep-OC-SORT,Hybrid-SORT,MOTA,MOT17-09-FRCNN,77.0059048280653,82.07711010767628,-5.071205279610979,A_LESS,83.08440430705106,85.68947551233067,-2.6050712052796143,A_LESS,UNCHANGED_A_LESS
3,Deep-OC-SORT,Hybrid-SORT,MOTA,MOT17-10-FRCNN,65.54111092351849,71.55157859192977,-6.01046766841128,A_LESS,71.72041195340199,73.39186223197703,-1.671450278575037,A_LESS,UNCHANGED_A_LESS
3,Deep-OC-SORT,Hybrid-SORT,MOTA,MOT17-11-FRCNN,70.7992030108479,66.9470887757361,3.8521142351117987,A_GREATER,73.63294221828647,69.07239318131502,4.560549036971452,A_GREATER,UNCHANGED_A_GREATER
3,Deep-OC-SORT,Hybrid-SORT,MOTA,MOT17-13-FRCNN,75.72877059569075,77.43979721166033,-1.7110266159695868,A_LESS,78.70722433460075,78.64385297845374,0.06337135614701594,A_GREATER,FLIP_TO_A_GREATER
4,Hybrid-SORT,OC-SORT,HOTA,MOT17-02-FRCNN,42.61275982601083,43.519996729353814,-0.9072369033429837,A_LESS,45.044711145110774,47.80425212269338,-2.7595409775826027,A_LESS,UNCHANGED_A_LESS
4,Hybrid-SORT,OC-SORT,HOTA,MOT17-04-FRCNN,79.44804872408498,78.82077165445774,0.6272770696272403,A_GREATER,80.10742718890293,79.6569413829774,0.45048580592553833,A_GREATER,UNCHANGED_A_GREATER
4,Hybrid-SORT,OC-SORT,HOTA,MOT17-05-FRCNN,59.483422569508704,58.07781336343737,1.4056092060713326,A_GREATER,60.83576721111783,60.241332298547015,0.5944349125708186,A_GREATER,UNCHANGED_A_GREATER
4,Hybrid-SORT,OC-SORT,HOTA,MOT17-09-FRCNN,66.15168563750849,64.09477799701358,2.056907640494913,A_GREATER,68.26922903327173,67.39404383017742,0.8751852030943041,A_GREATER,UNCHANGED_A_GREATER
4,Hybrid-SORT,OC-SORT,HOTA,MOT17-10-FRCNN,54.722110394108626,53.225776489660205,1.49633390444842,A_GREATER,55.60443606762225,54.73527512685903,0.8691609407632228,A_GREATER,UNCHANGED_A_GREATER
4,Hybrid-SORT,OC-SORT,HOTA,MOT17-11-FRCNN,64.28987036085421,63.03962323804607,1.2502471228081404,A_GREATER,65.97865782120786,65.26473725173837,0.7139205694694937,A_GREATER,UNCHANGED_A_GREATER
4,Hybrid-SORT,OC-SORT,HOTA,MOT17-13-FRCNN,63.397223301347715,57.50068388382799,5.896539417519726,A_GREATER,64.28039642189238,58.74080539555906,5.539591026333319,A_GREATER,UNCHANGED_A_GREATER
5,Hybrid-SORT,OC-SORT,MOTA,MOT17-02-FRCNN,49.46356275303644,51.953441295546554,-2.4898785425101124,A_LESS,51.35627530364373,58.28947368421053,-6.9331983805668,A_LESS,UNCHANGED_A_LESS
5,Hybrid-SORT,OC-SORT,MOTA,MOT17-04-FRCNN,89.07271072876168,87.81123335263462,1.2614773761270612,A_GREATER,90.17288444040037,89.45735792869552,0.7155265117048515,A_GREATER,UNCHANGED_A_GREATER
5,Hybrid-SORT,OC-SORT,MOTA,MOT17-05-FRCNN,73.27971403038427,71.76050044682752,1.5192135835567484,A_GREATER,75.06702412868633,75.00744712540958,0.05957700327674331,A_GREATER,UNCHANGED_A_GREATER
5,Hybrid-SORT,OC-SORT,MOTA,MOT17-09-FRCNN,82.07711010767628,76.90170197985412,5.175408127822152,A_GREATER,85.68947551233067,83.25807572073637,2.431399791594302,A_GREATER,UNCHANGED_A_GREATER
5,Hybrid-SORT,OC-SORT,MOTA,MOT17-10-FRCNN,71.55157859192977,65.05149417524902,6.50008441668075,A_GREATER,73.39186223197703,69.37362822893803,4.018234003038998,A_GREATER,UNCHANGED_A_GREATER
5,Hybrid-SORT,OC-SORT,MOTA,MOT17-11-FRCNN,66.9470887757361,70.59995572282489,-3.652866947088782,A_LESS,69.07239318131502,73.85432809386762,-4.7819349125526,A_LESS,UNCHANGED_A_LESS
5,Hybrid-SORT,OC-SORT,MOTA,MOT17-13-FRCNN,77.43979721166033,67.74397972116604,9.695817490494292,A_GREATER,78.64385297845374,69.20152091254754,9.4423320659062,A_GREATER,UNCHANGED_A_GREATER
