family,phi,beta,ci95_lo,ci95_hi,n_subjects,mean_within_subject_r2
linear,0.0,0.6048986657762325,0.5713651492388779,0.6424736734931795,14,0.9916043905513322
linear,0.5,0.6207427044817434,0.5734083430183506,0.6592224965829765,14,0.9883109999438157
linear,0.7,0.6629171059526168,0.6131667940932317,0.7004265934667544,14,0.9868843748511811
linear,0.85,0.7452359523910754,0.7007314664922012,0.7780295116208763,14,0.9883860051044335
spline,0.0,10.54642885195228,9.852213795129058,11.160516479991927,14,0.9911022009894861
spline,0.5,4.977100042012066,4.438488737432969,5.377047830949534,14,0.9583844562808584
spline,0.7,3.1393842314689095,2.7216336157279635,3.441636837771121,14,0.936108170637587
spline,0.85,1.9098830686765549,1.5924001011761963,2.1466014267915994,14,0.9126408728449983
kalman,0.0,1.4368561539889355,1.3548324347695029,1.5334943504596272,14,0.9844557646878573
kalman,0.5,1.3225644210395857,1.2730988569769004,1.3797296613126568,14,0.9844770720943835
kalman,0.7,1.173411826062821,1.1208804410006148,1.2237044842886482,14,0.9913335230443509
kalman,0.85,1.037595326545066,0.9771433526663762,1.0863924030068066,14,0.9896438190376341
mae,0.0,0.11684075790804067,0.10363958392082609,0.1301016129666221,14,0.9303140025167239
mae,0.5,0.2189903848221586,0.19864613004592158,0.23775540825590108,14,0.976926242232879
mae,0.7,0.30728043225872376,0.2834884793520084,0.3293106621541168,14,0.9903953321983682
mae,0.85,0.44185683061210146,0.4138974739785862,0.4694728691554051,14,0.9951191346827689
bigru_seed0,0.0,0.07855550501878819,0.0641763975072583,0.09220783370084809,14,0.8663576947695152
bigru_seed0,0.5,0.12669943736928527,0.10817685840188862,0.14459081679203606,14,0.8723694535483718
bigru_seed0,0.7,0.16986181323033955,0.1450675456519932,0.19358092600324475,14,0.8884118629749475
bigru_seed0,0.85,0.24213836794953747,0.2102900946795688,0.27133716910275235,14,0.9375067205520108
bigru_seed1,0.0,0.07495930813788336,0.05887430327651294,0.09083200093805455,14,0.7809576836265875
bigru_seed1,0.5,0.12113692775911179,0.09606287541147715,0.144902151464382,14,0.7966352194557003
bigru_seed1,0.7,0.16508023490709167,0.13276349668316573,0.19421768344381224,14,0.8132834400104875
bigru_seed1,0.85,0.23883487661588237,0.20118810834227407,0.27320059814771436,14,0.8611844040434893
bigru_seed2,0.0,0.09015077519060176,0.0739947676867303,0.1127394029042253,14,0.9074252595067064
bigru_seed2,0.5,0.14004078273447412,0.12089272362152399,0.16436952459397036,14,0.9102373656571173
bigru_seed2,0.7,0.18266223602553205,0.1644718261441133,0.20277159570301978,14,0.9233576118498678
bigru_seed2,0.85,0.24799856683402943,0.23150174585980168,0.26469465168625433,14,0.9382477783959068
stgcn_seed0,0.0,-0.06582819908412722,-0.11599786264366366,-0.019609243023413752,14,0.6444881537211881
stgcn_seed0,0.5,-0.011002901721215022,-0.08662229466290428,0.05695743618158903,14,0.6258093493558636
stgcn_seed0,0.7,0.037593784371024494,-0.0554593260185016,0.12122340911773577,14,0.5610525776372052
stgcn_seed0,0.85,0.10202626949175643,-0.015568622144298366,0.2112928618962539,14,0.5631401397970033
stgcn_seed1,0.0,0.10447134944139906,0.09355804546514461,0.11484056565658116,14,0.7960203794811599
stgcn_seed1,0.5,0.19477787130610105,0.1651912334848635,0.22534295669642487,14,0.8180306563004601
stgcn_seed1,0.7,0.2646020301838613,0.2230996764694215,0.30230449524590686,14,0.8330096036380104
stgcn_seed1,0.85,0.3614587008810611,0.31657474445847883,0.3999749680566859,14,0.8754495720055363
stgcn_seed2,0.0,0.08859563232514958,0.05188746209033559,0.1256273092944491,14,0.6585990352158658
stgcn_seed2,0.5,0.19685744663641105,0.14402455675072295,0.24793898502919307,14,0.7383852002024834
stgcn_seed2,0.7,0.29411035413603626,0.2329164263577061,0.3507532280892583,14,0.8339721967381799
stgcn_seed2,0.85,0.43808372407680707,0.3716208092058477,0.5003172163401111,14,0.9202965915790529
