kind,name,point_estimate,ci95_lo,ci95_hi,bootstrap_mean,bootstrap_sd,zero
marginal,linear,0.28373618281875884,0.2011739794623282,0.3892160111781886,0.2835153151331887,0.04840172064736126,
marginal,kalman,0.28569476746423905,0.19959387242976367,0.3967162736230016,0.2854349222726153,0.05063532238800622,
marginal,spline,0.32038581125266863,0.22246376239948484,0.4422268226259602,0.32024710182582933,0.05650381415352143,
marginal,mae,2.4061696522525082,1.529867257030378,3.4793867702527495,2.406454709970777,0.5019080546006579,
marginal,bigru_seed0,4.055232356827414,2.852295490176428,5.523979451131118,4.053418936706292,0.688042564135166,
marginal,bigru_seed1,3.8698706282568267,2.720937617467275,5.298594516196241,3.868956504171359,0.6659009419264132,
marginal,bigru_seed2,3.8651997286194546,2.7042828473697487,5.301919293929186,3.8638709222046783,0.6719060037963971,
marginal,bigru_mean,3.9301009045678987,2.7665738236424295,5.371801268748194,3.928748787694109,0.6734816321449322,
paired,linear - kalman,-0.0019585846454802103,-0.008415936524167902,0.0037162210093665644,-0.0019196071394265886,0.003098511186448302,includes zero
paired,linear - spline,-0.03664962843390979,-0.06999124340922289,-0.013747135486696009,-0.036731786692640635,0.014799823856506118,excludes zero
paired,kalman - spline,-0.034691043788429576,-0.06766382273426201,-0.013036074878085188,-0.034812179553214036,0.014508898158382192,excludes zero
paired,mae - linear,2.122433469433749,1.2521400366130169,3.1806429289174196,2.122939394837588,0.4965091778312685,excludes zero
paired,bigru_mean - linear,3.6463647217491397,2.495126536313006,5.060927784603562,3.6452334725609203,0.6623436007757706,excludes zero
