metric,state,pooled_margin,ci_lo,ci_hi,excludes_zero,frac_sign_differs
HOTA,R0,0.6581,-1.2133,2.6742,no,0.2435
HOTA,R1,0.1328,-1.7699,2.1617,no,0.4398
HOTA,R2_PRIMARY,-0.2102,-2.118,1.7936,no,0.4325
DetA,R0,1.2302,0.4322,1.9546,YES,0.0014
DetA,R1,0.2533,-0.4607,0.9129,no,0.231
DetA,R2_PRIMARY,-0.7117,-1.738,0.1945,no,0.0697
AssA,R0,0.3567,-2.4393,3.3444,no,0.3988
AssA,R1,0.1113,-2.6947,3.0979,no,0.4592
AssA,R2_PRIMARY,0.1375,-2.6511,3.0898,no,0.4517
IDF1,R0,1.4141,-1.3799,4.3277,no,0.1624
IDF1,R1,1.0795,-1.7939,4.028,no,0.2271
IDF1,R2_PRIMARY,0.8031,-2.0851,3.7769,no,0.2828
MOTA,R0,1.9369,1.1636,2.7516,YES,0.0
MOTA,R1,0.4819,-0.3167,1.2882,no,0.1197
MOTA,R2_PRIMARY,-0.8426,-2.277,0.3194,no,0.0987
