population,tracker,metric,R0,R1,R2,d01,d12,d02
mot17,ByteTrack,HOTA,67.9200,69.0670,68.9670,+1.1470,-0.1000,+1.0470
mot17,ByteTrack,DetA,66.6300,68.0500,67.9710,+1.4200,-0.0790,+1.3410
mot17,ByteTrack,AssA,69.7900,70.6630,70.5580,+0.8730,-0.1050,+0.7680
mot17,ByteTrack,IDF1,79.9040,80.9320,80.8200,+1.0280,-0.1120,+0.9160
mot17,ByteTrack,MOTA,77.9550,80.0170,79.7400,+2.0620,-0.2770,+1.7850
mot17,BoT-SORT,HOTA,69.1950,70.4800,70.4190,+1.2850,-0.0610,+1.2240
mot17,BoT-SORT,DetA,67.2510,68.7520,68.7400,+1.5010,-0.0120,+1.4890
mot17,BoT-SORT,AssA,71.7080,72.7750,72.6800,+1.0670,-0.0950,+0.9720
mot17,BoT-SORT,IDF1,81.6440,82.8010,82.6980,+1.1570,-0.1030,+1.0540
mot17,BoT-SORT,MOTA,78.4390,80.6010,80.4990,+2.1620,-0.1020,+2.0600
mot17,OC-SORT,HOTA,66.3720,68.0480,67.9900,+1.6760,-0.0580,+1.6180
mot17,OC-SORT,DetA,64.2380,66.5460,66.6440,+2.3080,+0.0980,+2.4060
mot17,OC-SORT,AssA,69.0060,70.0370,69.8400,+1.0310,-0.1970,+0.8340
mot17,OC-SORT,IDF1,77.9320,79.5010,79.4180,+1.5690,-0.0830,+1.4860
mot17,OC-SORT,MOTA,74.5350,77.8010,77.8100,+3.2660,+0.0090,+3.2750
mot17,Deep-OC-SORT,HOTA,68.3110,70.3600,70.2690,+2.0490,-0.0910,+1.9580
mot17,Deep-OC-SORT,DetA,64.7870,67.4380,67.5230,+2.6510,+0.0850,+2.7360
mot17,Deep-OC-SORT,AssA,72.4490,73.8620,73.6030,+1.4130,-0.2590,+1.1540
mot17,Deep-OC-SORT,IDF1,81.1330,83.0360,82.9010,+1.9030,-0.1350,+1.7680
mot17,Deep-OC-SORT,MOTA,75.1530,79.0000,78.9370,+3.8470,-0.0630,+3.7840
mot17,Hybrid-SORT,HOTA,66.9480,68.1940,67.8110,+1.2460,-0.3830,+0.8630
mot17,Hybrid-SORT,DetA,65.9910,67.7840,67.3120,+1.7930,-0.4720,+1.3210
mot17,Hybrid-SORT,AssA,68.4730,69.1830,68.9200,+0.7100,-0.2630,+0.4470
mot17,Hybrid-SORT,IDF1,77.7450,78.8150,78.1930,+1.0700,-0.6220,+0.4480
mot17,Hybrid-SORT,MOTA,75.9920,78.6160,77.5880,+2.6240,-1.0280,+1.5960
mot20,Deep-OC-SORT,HOTA,57.3840,59.4800,59.5360,+2.0960,+0.0560,+2.1520
mot20,Deep-OC-SORT,DetA,57.9360,60.8260,60.9760,+2.8900,+0.1500,+3.0400
mot20,Deep-OC-SORT,AssA,57.0010,58.3350,58.3060,+1.3340,-0.0290,+1.3050
mot20,Deep-OC-SORT,IDF1,74.7520,76.5570,76.4480,+1.8050,-0.1090,+1.6960
mot20,Deep-OC-SORT,MOTA,69.9430,74.1360,74.0110,+4.1930,-0.1250,+4.0680
dancetrack,ByteTrack,HOTA,46.8930,47.1380,46.8090,+0.2450,-0.3290,-0.0840
dancetrack,ByteTrack,DetA,70.6580,71.0850,70.1980,+0.4270,-0.8870,-0.4600
dancetrack,ByteTrack,AssA,31.2480,31.3890,31.3470,+0.1410,-0.0420,+0.0990
dancetrack,ByteTrack,IDF1,51.6360,51.8430,51.5260,+0.2070,-0.3170,-0.1100
dancetrack,ByteTrack,MOTA,88.3090,89.1750,87.7180,+0.8660,-1.4570,-0.5910
dancetrack,OC-SORT,HOTA,52.2350,53.1590,52.8940,+0.9240,-0.2650,+0.6590
dancetrack,OC-SORT,DetA,77.3830,79.2270,78.7160,+1.8440,-0.5110,+1.3330
dancetrack,OC-SORT,AssA,35.3800,35.8030,35.6930,+0.4230,-0.1100,+0.3130
dancetrack,OC-SORT,IDF1,51.8530,52.5120,52.3030,+0.6590,-0.2090,+0.4500
dancetrack,OC-SORT,MOTA,87.2950,90.2740,89.7450,+2.9790,-0.5290,+2.4500
dancetrack,Deep-OC-SORT,HOTA,58.6550,59.6450,59.3330,+0.9900,-0.3120,+0.6780
dancetrack,Deep-OC-SORT,DetA,77.6360,79.5240,79.0710,+1.8880,-0.4530,+1.4350
dancetrack,Deep-OC-SORT,AssA,44.4570,44.8980,44.7000,+0.4410,-0.1980,+0.2430
dancetrack,Deep-OC-SORT,IDF1,59.4620,60.2020,59.8880,+0.7400,-0.3140,+0.4260
dancetrack,Deep-OC-SORT,MOTA,87.5790,90.6510,90.2200,+3.0720,-0.4310,+2.6410
dancetrack,Hybrid-SORT,HOTA,59.3130,59.7770,59.1230,+0.4640,-0.6540,-0.1900
dancetrack,Hybrid-SORT,DetA,78.8670,79.7770,78.3600,+0.9100,-1.4170,-0.5070
dancetrack,Hybrid-SORT,AssA,44.8140,45.0090,44.8380,+0.1950,-0.1710,+0.0240
dancetrack,Hybrid-SORT,IDF1,60.8760,61.2820,60.6920,+0.4060,-0.5900,-0.1840
dancetrack,Hybrid-SORT,MOTA,89.5160,91.1330,89.3780,+1.6170,-1.7550,-0.1380
