a,b,metric,transition,point,ci_lo,ci_hi,excludes_zero,frac_sign_differs
ByteTrack,BoT-SORT,HOTA,delta_01,-0.1387,-0.4637,0.0031,no,0.0286
ByteTrack,BoT-SORT,HOTA,delta_12,-0.0386,-0.1657,0.0585,no,0.2015
ByteTrack,BoT-SORT,DetA,delta_01,-0.0803,-0.3515,0.0129,no,0.0517
ByteTrack,BoT-SORT,DetA,delta_12,-0.0677,-0.2471,0.0428,no,0.107
ByteTrack,BoT-SORT,AssA,delta_01,-0.1939,-0.6095,0.0426,no,0.0466
ByteTrack,BoT-SORT,AssA,delta_12,-0.0106,-0.2094,0.144,no,0.4846
ByteTrack,BoT-SORT,IDF1,delta_01,-0.1296,-0.3566,0.1112,no,0.1176
ByteTrack,BoT-SORT,IDF1,delta_12,-0.0077,-0.1891,0.1507,no,0.4671
ByteTrack,BoT-SORT,MOTA,delta_01,-0.1002,-0.5217,0.0455,no,0.1255
ByteTrack,BoT-SORT,MOTA,delta_12,-0.1744,-0.5898,0.054,no,0.064
ByteTrack,OC-SORT,HOTA,delta_01,-0.5287,-0.8907,-0.3965,YES,0.0
ByteTrack,OC-SORT,HOTA,delta_12,-0.0423,-0.4308,0.1133,no,0.3782
ByteTrack,OC-SORT,DetA,delta_01,-0.8876,-1.4031,-0.5648,YES,0.0002
ByteTrack,OC-SORT,DetA,delta_12,-0.178,-0.7481,0.1054,no,0.1371
ByteTrack,OC-SORT,AssA,delta_01,-0.1584,-0.7779,0.0489,no,0.0747
ByteTrack,OC-SORT,AssA,delta_12,0.0922,-0.1707,0.3301,no,0.1674
ByteTrack,OC-SORT,IDF1,delta_01,-0.5409,-0.9271,-0.3992,YES,0.0
ByteTrack,OC-SORT,IDF1,delta_12,-0.0279,-0.5797,0.2167,no,0.4517
ByteTrack,OC-SORT,MOTA,delta_01,-1.2043,-1.8293,-0.6693,YES,0.0013
ByteTrack,OC-SORT,MOTA,delta_12,-0.2858,-1.4195,0.3108,no,0.2282
ByteTrack,Deep-OC-SORT,HOTA,delta_01,-0.9027,-1.8646,-0.5048,YES,0.0
ByteTrack,Deep-OC-SORT,HOTA,delta_12,-0.0085,-0.3987,0.1669,no,0.5158
ByteTrack,Deep-OC-SORT,DetA,delta_01,-1.2305,-2.1623,-0.7467,YES,0.0
ByteTrack,Deep-OC-SORT,DetA,delta_12,-0.1646,-0.636,0.0543,no,0.0842
ByteTrack,Deep-OC-SORT,AssA,delta_01,-0.5407,-1.5969,-0.1758,YES,0.0
ByteTrack,Deep-OC-SORT,AssA,delta_12,0.154,-0.2151,0.4901,no,0.1208
ByteTrack,Deep-OC-SORT,IDF1,delta_01,-0.875,-2.0092,-0.4334,YES,0.0
ByteTrack,Deep-OC-SORT,IDF1,delta_12,0.024,-0.497,0.2693,no,0.4081
ByteTrack,Deep-OC-SORT,MOTA,delta_01,-1.7851,-2.987,-1.2236,YES,0.0
ByteTrack,Deep-OC-SORT,MOTA,delta_12,-0.2134,-1.0791,0.2274,no,0.2137
ByteTrack,Hybrid-SORT,HOTA,delta_01,-0.0992,-0.508,0.1635,no,0.2277
ByteTrack,Hybrid-SORT,HOTA,delta_12,0.2839,-0.0972,0.6305,no,0.1026
ByteTrack,Hybrid-SORT,DetA,delta_01,-0.373,-0.7865,-0.1073,YES,0.004
ByteTrack,Hybrid-SORT,DetA,delta_12,0.3934,-0.2731,1.0626,no,0.2371
ByteTrack,Hybrid-SORT,AssA,delta_01,0.1632,-0.5564,0.8958,no,0.3413
ByteTrack,Hybrid-SORT,AssA,delta_12,0.1575,0.001,0.3367,YES,0.0249
ByteTrack,Hybrid-SORT,IDF1,delta_01,-0.0413,-0.3036,0.2166,no,0.3419
ByteTrack,Hybrid-SORT,IDF1,delta_12,0.5098,-0.0675,1.2788,no,0.0703
ByteTrack,Hybrid-SORT,MOTA,delta_01,-0.5623,-1.3933,-0.0345,YES,0.0153
ByteTrack,Hybrid-SORT,MOTA,delta_12,0.7515,-0.2756,2.4666,no,0.1377
BoT-SORT,OC-SORT,HOTA,delta_01,-0.39,-0.8049,-0.2026,YES,0.0019
BoT-SORT,OC-SORT,HOTA,delta_12,-0.0037,-0.3897,0.1702,no,0.5101
BoT-SORT,OC-SORT,DetA,delta_01,-0.8073,-1.3222,-0.3542,YES,0.0031
BoT-SORT,OC-SORT,DetA,delta_12,-0.1103,-0.6047,0.1388,no,0.2318
BoT-SORT,OC-SORT,AssA,delta_01,0.0355,-0.356,0.1316,no,0.5388
BoT-SORT,OC-SORT,AssA,delta_12,0.1028,-0.2454,0.4943,no,0.2451
BoT-SORT,OC-SORT,IDF1,delta_01,-0.4113,-0.9788,-0.1937,YES,0.0
BoT-SORT,OC-SORT,IDF1,delta_12,-0.0202,-0.4338,0.1382,no,0.4315
BoT-SORT,OC-SORT,MOTA,delta_01,-1.1041,-1.6427,-0.2904,YES,0.0084
BoT-SORT,OC-SORT,MOTA,delta_12,-0.1113,-1.0472,0.3768,no,0.2949
BoT-SORT,Deep-OC-SORT,HOTA,delta_01,-0.7641,-1.7203,-0.3845,YES,0.0
BoT-SORT,Deep-OC-SORT,HOTA,delta_12,0.0301,-0.3309,0.2369,no,0.3684
BoT-SORT,Deep-OC-SORT,DetA,delta_01,-1.1502,-2.0176,-0.6774,YES,0.0
BoT-SORT,Deep-OC-SORT,DetA,delta_12,-0.0969,-0.4617,0.081,no,0.1759
BoT-SORT,Deep-OC-SORT,AssA,delta_01,-0.3468,-1.3939,-0.0198,YES,0.0135
BoT-SORT,Deep-OC-SORT,AssA,delta_12,0.1646,-0.2309,0.6367,no,0.167
BoT-SORT,Deep-OC-SORT,IDF1,delta_01,-0.7455,-1.9819,-0.229,YES,0.0
BoT-SORT,Deep-OC-SORT,IDF1,delta_12,0.0318,-0.3516,0.1864,no,0.3731
BoT-SORT,Deep-OC-SORT,MOTA,delta_01,-1.6849,-2.6985,-1.0727,YES,0.0
BoT-SORT,Deep-OC-SORT,MOTA,delta_12,-0.039,-0.6939,0.2868,no,0.3954
BoT-SORT,Hybrid-SORT,HOTA,delta_01,0.0395,-0.1933,0.2858,no,0.4002
BoT-SORT,Hybrid-SORT,HOTA,delta_12,0.3226,-0.0317,0.7286,no,0.0508
BoT-SORT,Hybrid-SORT,DetA,delta_01,-0.2927,-0.7053,0.0282,no,0.0341
BoT-SORT,Hybrid-SORT,DetA,delta_12,0.461,-0.0589,1.1055,no,0.0776
BoT-SORT,Hybrid-SORT,AssA,delta_01,0.3571,-0.057,0.9595,no,0.0648
BoT-SORT,Hybrid-SORT,AssA,delta_12,0.1682,-0.0836,0.4178,no,0.0837
BoT-SORT,Hybrid-SORT,IDF1,delta_01,0.0883,-0.0357,0.2258,no,0.0943
BoT-SORT,Hybrid-SORT,IDF1,delta_12,0.5176,0.0739,1.1688,YES,0.0007
BoT-SORT,Hybrid-SORT,MOTA,delta_01,-0.4621,-1.2898,0.1276,no,0.0614
BoT-SORT,Hybrid-SORT,MOTA,delta_12,0.926,0.0551,2.7737,YES,0.0112
OC-SORT,Deep-OC-SORT,HOTA,delta_01,-0.374,-1.0754,-0.0865,YES,0.0003
OC-SORT,Deep-OC-SORT,HOTA,delta_12,0.0338,-0.1145,0.235,no,0.287
OC-SORT,Deep-OC-SORT,DetA,delta_01,-0.3429,-0.9389,-0.0886,YES,0.0003
OC-SORT,Deep-OC-SORT,DetA,delta_12,0.0134,-0.0953,0.2618,no,0.4317
OC-SORT,Deep-OC-SORT,AssA,delta_01,-0.3823,-1.15,-0.0654,YES,0.002
OC-SORT,Deep-OC-SORT,AssA,delta_12,0.0618,-0.2068,0.3,no,0.2323
OC-SORT,Deep-OC-SORT,IDF1,delta_01,-0.3342,-1.3012,0.0149,no,0.039
OC-SORT,Deep-OC-SORT,IDF1,delta_12,0.0519,-0.0513,0.2235,no,0.1385
OC-SORT,Deep-OC-SORT,MOTA,delta_01,-0.5808,-1.3372,-0.2639,YES,0.0
OC-SORT,Deep-OC-SORT,MOTA,delta_12,0.0724,-0.1221,0.5323,no,0.2805
OC-SORT,Hybrid-SORT,HOTA,delta_01,0.4295,0.267,0.9252,YES,0.0
OC-SORT,Hybrid-SORT,HOTA,delta_12,0.3263,-0.006,0.6425,no,0.0271
OC-SORT,Hybrid-SORT,DetA,delta_01,0.5146,0.3679,0.634,YES,0.0
OC-SORT,Hybrid-SORT,DetA,delta_12,0.5714,-0.0486,1.315,no,0.0534
OC-SORT,Hybrid-SORT,AssA,delta_01,0.3216,0.0331,1.186,YES,0.0001
OC-SORT,Hybrid-SORT,AssA,delta_12,0.0653,-0.1235,0.2632,no,0.1714
OC-SORT,Hybrid-SORT,IDF1,delta_01,0.4996,0.2366,1.0739,YES,0.0
OC-SORT,Hybrid-SORT,IDF1,delta_12,0.5377,0.0218,1.1416,YES,0.0159
OC-SORT,Hybrid-SORT,MOTA,delta_01,0.642,0.0475,0.9736,YES,0.0125
OC-SORT,Hybrid-SORT,MOTA,delta_12,1.0373,-0.1876,3.3022,no,0.0839
Deep-OC-SORT,Hybrid-SORT,HOTA,delta_01,0.8035,0.3863,1.6567,YES,0.0
Deep-OC-SORT,Hybrid-SORT,HOTA,delta_12,0.2925,-0.0433,0.5911,no,0.0645
Deep-OC-SORT,Hybrid-SORT,DetA,delta_01,0.8575,0.6014,1.4714,YES,0.0
Deep-OC-SORT,Hybrid-SORT,DetA,delta_12,0.5579,-0.0024,1.2558,no,0.0262
Deep-OC-SORT,Hybrid-SORT,AssA,delta_01,0.7039,0.1476,1.8293,YES,0.0
Deep-OC-SORT,Hybrid-SORT,AssA,delta_12,0.0035,-0.31,0.3293,no,0.5753
Deep-OC-SORT,Hybrid-SORT,IDF1,delta_01,0.8338,0.2731,1.9979,YES,0.0
Deep-OC-SORT,Hybrid-SORT,IDF1,delta_12,0.4858,-0.0498,1.1002,no,0.0584
Deep-OC-SORT,Hybrid-SORT,MOTA,delta_01,1.2229,0.721,1.8919,YES,0.0
Deep-OC-SORT,Hybrid-SORT,MOTA,delta_12,0.9649,-0.136,3.1244,no,0.0801
