population,tracker,metric,gate,R0,R1,R2,d01,d12
mot17,ByteTrack,HOTA,0.30,67.92,69.113,68.967,1.193,-0.146
mot17,ByteTrack,HOTA,0.40,67.92,69.11,68.967,1.19,-0.143
mot17,ByteTrack,HOTA,0.50,67.92,69.067,68.967,1.147,-0.1
mot17,ByteTrack,HOTA,0.60,67.92,68.959,68.967,1.039,0.008
mot17,ByteTrack,HOTA,0.70,67.92,68.808,68.967,0.888,0.159
mot17,ByteTrack,DetA,0.30,66.63,68.137,67.971,1.507,-0.166
mot17,ByteTrack,DetA,0.40,66.63,68.12,67.971,1.49,-0.149
mot17,ByteTrack,DetA,0.50,66.63,68.05,67.971,1.42,-0.079
mot17,ByteTrack,DetA,0.60,66.63,67.902,67.971,1.272,0.069
mot17,ByteTrack,DetA,0.70,66.63,67.725,67.971,1.095,0.246
mot17,ByteTrack,AssA,0.30,69.79,70.673,70.558,0.883,-0.115
mot17,ByteTrack,AssA,0.40,69.79,70.682,70.558,0.892,-0.124
mot17,ByteTrack,AssA,0.50,69.79,70.663,70.558,0.873,-0.105
mot17,ByteTrack,AssA,0.60,69.79,70.593,70.558,0.803,-0.035
mot17,ByteTrack,AssA,0.70,69.79,70.464,70.558,0.674,0.094
mot17,ByteTrack,IDF1,0.30,79.904,80.975,80.82,1.071,-0.155
mot17,ByteTrack,IDF1,0.40,79.904,81.005,80.82,1.101,-0.185
mot17,ByteTrack,IDF1,0.50,79.904,80.932,80.82,1.028,-0.112
mot17,ByteTrack,IDF1,0.60,79.904,80.792,80.82,0.888,0.028
mot17,ByteTrack,IDF1,0.70,79.904,80.616,80.82,0.712,0.204
mot17,ByteTrack,MOTA,0.30,77.955,80.095,79.74,2.14,-0.355
mot17,ByteTrack,MOTA,0.40,77.955,80.128,79.74,2.173,-0.388
mot17,ByteTrack,MOTA,0.50,77.955,80.017,79.74,2.062,-0.277
mot17,ByteTrack,MOTA,0.60,77.955,79.707,79.74,1.752,0.033
mot17,ByteTrack,MOTA,0.70,77.955,79.375,79.74,1.42,0.365
mot17,BoT-SORT,HOTA,0.30,69.195,70.559,70.419,1.364,-0.14
mot17,BoT-SORT,HOTA,0.40,69.195,70.544,70.419,1.349,-0.125
mot17,BoT-SORT,HOTA,0.50,69.195,70.48,70.419,1.285,-0.061
mot17,BoT-SORT,HOTA,0.60,69.195,70.391,70.419,1.196,0.028
mot17,BoT-SORT,HOTA,0.70,69.195,70.179,70.419,0.984,0.24
mot17,BoT-SORT,DetA,0.30,67.251,68.877,68.74,1.626,-0.137
mot17,BoT-SORT,DetA,0.40,67.251,68.856,68.74,1.605,-0.116
mot17,BoT-SORT,DetA,0.50,67.251,68.752,68.74,1.501,-0.012
mot17,BoT-SORT,DetA,0.60,67.251,68.631,68.74,1.38,0.109
mot17,BoT-SORT,DetA,0.70,67.251,68.383,68.74,1.132,0.357
mot17,BoT-SORT,AssA,0.30,71.708,72.809,72.68,1.101,-0.129
mot17,BoT-SORT,AssA,0.40,71.708,72.799,72.68,1.091,-0.119
mot17,BoT-SORT,AssA,0.50,71.708,72.775,72.68,1.067,-0.095
mot17,BoT-SORT,AssA,0.60,71.708,72.715,72.68,1.007,-0.035
mot17,BoT-SORT,AssA,0.70,71.708,72.536,72.68,0.828,0.144
mot17,BoT-SORT,IDF1,0.30,81.644,82.882,82.698,1.238,-0.184
mot17,BoT-SORT,IDF1,0.40,81.644,82.878,82.698,1.234,-0.18
mot17,BoT-SORT,IDF1,0.50,81.644,82.801,82.698,1.157,-0.103
mot17,BoT-SORT,IDF1,0.60,81.644,82.702,82.698,1.058,-0.004
mot17,BoT-SORT,IDF1,0.70,81.644,82.473,82.698,0.829,0.225
mot17,BoT-SORT,MOTA,0.30,78.439,80.768,80.499,2.329,-0.269
mot17,BoT-SORT,MOTA,0.40,78.439,80.763,80.499,2.324,-0.264
mot17,BoT-SORT,MOTA,0.50,78.439,80.601,80.499,2.162,-0.102
mot17,BoT-SORT,MOTA,0.60,78.439,80.364,80.499,1.925,0.135
mot17,BoT-SORT,MOTA,0.70,78.439,79.898,80.499,1.459,0.601
mot17,OC-SORT,HOTA,0.30,66.372,68.072,67.99,1.7,-0.082
mot17,OC-SORT,HOTA,0.40,66.372,68.06,67.99,1.688,-0.07
mot17,OC-SORT,HOTA,0.50,66.372,68.048,67.99,1.676,-0.058
mot17,OC-SORT,HOTA,0.60,66.372,67.933,67.99,1.561,0.057
mot17,OC-SORT,HOTA,0.70,66.372,67.637,67.99,1.265,0.353
mot17,OC-SORT,DetA,0.30,64.238,66.582,66.644,2.344,0.062
mot17,OC-SORT,DetA,0.40,64.238,66.577,66.644,2.339,0.067
mot17,OC-SORT,DetA,0.50,64.238,66.546,66.644,2.308,0.098
mot17,OC-SORT,DetA,0.60,64.238,66.327,66.644,2.089,0.317
mot17,OC-SORT,DetA,0.70,64.238,65.834,66.644,1.596,0.81
mot17,OC-SORT,AssA,0.30,69.006,70.053,69.84,1.047,-0.213
mot17,OC-SORT,AssA,0.40,69.006,70.033,69.84,1.027,-0.193
mot17,OC-SORT,AssA,0.50,69.006,70.037,69.84,1.031,-0.197
mot17,OC-SORT,AssA,0.60,69.006,70.024,69.84,1.018,-0.184
mot17,OC-SORT,AssA,0.70,69.006,69.922,69.84,0.916,-0.082
mot17,OC-SORT,IDF1,0.30,77.932,79.514,79.418,1.582,-0.096
mot17,OC-SORT,IDF1,0.40,77.932,79.498,79.418,1.566,-0.08
mot17,OC-SORT,IDF1,0.50,77.932,79.501,79.418,1.569,-0.083
mot17,OC-SORT,IDF1,0.60,77.932,79.329,79.418,1.397,0.089
mot17,OC-SORT,IDF1,0.70,77.932,79.027,79.418,1.095,0.391
mot17,OC-SORT,MOTA,0.30,74.535,77.844,77.81,3.309,-0.034
mot17,OC-SORT,MOTA,0.40,74.535,77.846,77.81,3.311,-0.036
mot17,OC-SORT,MOTA,0.50,74.535,77.801,77.81,3.266,0.009
mot17,OC-SORT,MOTA,0.60,74.535,77.441,77.81,2.906,0.369
mot17,OC-SORT,MOTA,0.70,74.535,76.604,77.81,2.069,1.206
mot17,Deep-OC-SORT,HOTA,0.30,68.311,70.388,70.269,2.077,-0.119
mot17,Deep-OC-SORT,HOTA,0.40,68.311,70.37,70.269,2.059,-0.101
mot17,Deep-OC-SORT,HOTA,0.50,68.311,70.36,70.269,2.049,-0.091
mot17,Deep-OC-SORT,HOTA,0.60,68.311,70.213,70.269,1.902,0.056
mot17,Deep-OC-SORT,HOTA,0.70,68.311,69.757,70.269,1.446,0.512
mot17,Deep-OC-SORT,DetA,0.30,64.787,67.497,67.523,2.71,0.026
mot17,Deep-OC-SORT,DetA,0.40,64.787,67.484,67.523,2.697,0.039
mot17,Deep-OC-SORT,DetA,0.50,64.787,67.438,67.523,2.651,0.085
mot17,Deep-OC-SORT,DetA,0.60,64.787,67.211,67.523,2.424,0.312
mot17,Deep-OC-SORT,DetA,0.70,64.787,66.545,67.523,1.758,0.978
mot17,Deep-OC-SORT,AssA,0.30,72.449,73.864,73.603,1.415,-0.261
mot17,Deep-OC-SORT,AssA,0.40,72.449,73.839,73.603,1.39,-0.236
mot17,Deep-OC-SORT,AssA,0.50,72.449,73.862,73.603,1.413,-0.259
mot17,Deep-OC-SORT,AssA,0.60,72.449,73.794,73.603,1.345,-0.191
mot17,Deep-OC-SORT,AssA,0.70,72.449,73.553,73.603,1.104,0.05
mot17,Deep-OC-SORT,IDF1,0.30,81.133,83.064,82.901,1.931,-0.163
mot17,Deep-OC-SORT,IDF1,0.40,81.133,83.043,82.901,1.91,-0.142
mot17,Deep-OC-SORT,IDF1,0.50,81.133,83.036,82.901,1.903,-0.135
mot17,Deep-OC-SORT,IDF1,0.60,81.133,82.806,82.901,1.673,0.095
mot17,Deep-OC-SORT,IDF1,0.70,81.133,82.329,82.901,1.196,0.572
mot17,Deep-OC-SORT,MOTA,0.30,75.153,79.055,78.937,3.902,-0.118
mot17,Deep-OC-SORT,MOTA,0.40,75.153,79.052,78.937,3.899,-0.115
mot17,Deep-OC-SORT,MOTA,0.50,75.153,79.0,78.937,3.847,-0.063
mot17,Deep-OC-SORT,MOTA,0.60,75.153,78.525,78.937,3.372,0.412
mot17,Deep-OC-SORT,MOTA,0.70,75.153,77.41,78.937,2.257,1.527
mot17,Hybrid-SORT,HOTA,0.30,66.948,68.219,67.811,1.271,-0.408
mot17,Hybrid-SORT,HOTA,0.40,66.948,68.221,67.811,1.273,-0.41
mot17,Hybrid-SORT,HOTA,0.50,66.948,68.194,67.811,1.246,-0.383
mot17,Hybrid-SORT,HOTA,0.60,66.948,68.113,67.811,1.165,-0.302
mot17,Hybrid-SORT,HOTA,0.70,66.948,67.844,67.811,0.896,-0.033
mot17,Hybrid-SORT,DetA,0.30,65.991,67.86,67.312,1.869,-0.548
mot17,Hybrid-SORT,DetA,0.40,65.991,67.849,67.312,1.858,-0.537
mot17,Hybrid-SORT,DetA,0.50,65.991,67.784,67.312,1.793,-0.472
mot17,Hybrid-SORT,DetA,0.60,65.991,67.649,67.312,1.658,-0.337
mot17,Hybrid-SORT,DetA,0.70,65.991,67.209,67.312,1.218,0.103
mot17,Hybrid-SORT,AssA,0.30,68.473,69.162,68.92,0.689,-0.242
mot17,Hybrid-SORT,AssA,0.40,68.473,69.177,68.92,0.704,-0.257
mot17,Hybrid-SORT,AssA,0.50,68.473,69.183,68.92,0.71,-0.263
mot17,Hybrid-SORT,AssA,0.60,68.473,69.15,68.92,0.677,-0.23
mot17,Hybrid-SORT,AssA,0.70,68.473,69.042,68.92,0.569,-0.122
mot17,Hybrid-SORT,IDF1,0.30,77.745,78.816,78.193,1.071,-0.623
mot17,Hybrid-SORT,IDF1,0.40,77.745,78.836,78.193,1.091,-0.643
mot17,Hybrid-SORT,IDF1,0.50,77.745,78.815,78.193,1.07,-0.622
mot17,Hybrid-SORT,IDF1,0.60,77.745,78.738,78.193,0.993,-0.545
mot17,Hybrid-SORT,IDF1,0.70,77.745,78.464,78.193,0.719,-0.271
mot17,Hybrid-SORT,MOTA,0.30,75.992,78.692,77.588,2.7,-1.104
mot17,Hybrid-SORT,MOTA,0.40,75.992,78.699,77.588,2.707,-1.111
mot17,Hybrid-SORT,MOTA,0.50,75.992,78.616,77.588,2.624,-1.028
mot17,Hybrid-SORT,MOTA,0.60,75.992,78.332,77.588,2.34,-0.744
mot17,Hybrid-SORT,MOTA,0.70,75.992,77.653,77.588,1.661,-0.065
mot20,Deep-OC-SORT,HOTA,0.30,57.384,59.516,59.536,2.132,0.02
mot20,Deep-OC-SORT,HOTA,0.40,57.384,59.514,59.536,2.13,0.022
mot20,Deep-OC-SORT,HOTA,0.50,57.384,59.48,59.536,2.096,0.056
mot20,Deep-OC-SORT,HOTA,0.60,57.384,59.303,59.536,1.919,0.233
mot20,Deep-OC-SORT,HOTA,0.70,57.384,58.781,59.536,1.397,0.755
mot20,Deep-OC-SORT,DetA,0.30,57.936,60.893,60.976,2.957,0.083
mot20,Deep-OC-SORT,DetA,0.40,57.936,60.88,60.976,2.944,0.096
mot20,Deep-OC-SORT,DetA,0.50,57.936,60.826,60.976,2.89,0.15
mot20,Deep-OC-SORT,DetA,0.60,57.936,60.585,60.976,2.649,0.391
mot20,Deep-OC-SORT,DetA,0.70,57.936,59.874,60.976,1.938,1.102
mot20,Deep-OC-SORT,AssA,0.30,57.001,58.344,58.306,1.343,-0.038
mot20,Deep-OC-SORT,AssA,0.40,57.001,58.35,58.306,1.349,-0.044
mot20,Deep-OC-SORT,AssA,0.50,57.001,58.335,58.306,1.334,-0.029
mot20,Deep-OC-SORT,AssA,0.60,57.001,58.216,58.306,1.215,0.09
mot20,Deep-OC-SORT,AssA,0.70,57.001,57.871,58.306,0.87,0.435
mot20,Deep-OC-SORT,IDF1,0.30,74.752,76.497,76.448,1.745,-0.049
mot20,Deep-OC-SORT,IDF1,0.40,74.752,76.548,76.448,1.796,-0.1
mot20,Deep-OC-SORT,IDF1,0.50,74.752,76.557,76.448,1.805,-0.109
mot20,Deep-OC-SORT,IDF1,0.60,74.752,76.344,76.448,1.592,0.104
mot20,Deep-OC-SORT,IDF1,0.70,74.752,75.865,76.448,1.113,0.583
mot20,Deep-OC-SORT,MOTA,0.30,69.943,74.032,74.011,4.089,-0.021
mot20,Deep-OC-SORT,MOTA,0.40,69.943,74.139,74.011,4.196,-0.128
mot20,Deep-OC-SORT,MOTA,0.50,69.943,74.136,74.011,4.193,-0.125
mot20,Deep-OC-SORT,MOTA,0.60,69.943,73.656,74.011,3.713,0.355
mot20,Deep-OC-SORT,MOTA,0.70,69.943,72.521,74.011,2.578,1.49
dancetrack,ByteTrack,HOTA,0.30,46.893,47.153,46.809,0.26,-0.344
dancetrack,ByteTrack,HOTA,0.40,46.893,47.148,46.809,0.255,-0.339
dancetrack,ByteTrack,HOTA,0.50,46.893,47.138,46.809,0.245,-0.329
dancetrack,ByteTrack,HOTA,0.60,46.893,47.118,46.809,0.225,-0.309
dancetrack,ByteTrack,HOTA,0.70,46.893,47.052,46.809,0.159,-0.243
dancetrack,ByteTrack,DetA,0.30,70.658,71.099,70.198,0.441,-0.901
dancetrack,ByteTrack,DetA,0.40,70.658,71.094,70.198,0.436,-0.896
dancetrack,ByteTrack,DetA,0.50,70.658,71.085,70.198,0.427,-0.887
dancetrack,ByteTrack,DetA,0.60,70.658,71.051,70.198,0.393,-0.853
dancetrack,ByteTrack,DetA,0.70,70.658,70.913,70.198,0.255,-0.715
dancetrack,ByteTrack,AssA,0.30,31.248,31.402,31.347,0.154,-0.055
dancetrack,ByteTrack,AssA,0.40,31.248,31.399,31.347,0.151,-0.052
dancetrack,ByteTrack,AssA,0.50,31.248,31.389,31.347,0.141,-0.042
dancetrack,ByteTrack,AssA,0.60,31.248,31.375,31.347,0.127,-0.028
dancetrack,ByteTrack,AssA,0.70,31.248,31.347,31.347,0.099,0.0
dancetrack,ByteTrack,IDF1,0.30,51.636,51.834,51.526,0.198,-0.308
dancetrack,ByteTrack,IDF1,0.40,51.636,51.839,51.526,0.203,-0.313
dancetrack,ByteTrack,IDF1,0.50,51.636,51.843,51.526,0.207,-0.317
dancetrack,ByteTrack,IDF1,0.60,51.636,51.829,51.526,0.193,-0.303
dancetrack,ByteTrack,IDF1,0.70,51.636,51.761,51.526,0.125,-0.235
dancetrack,ByteTrack,MOTA,0.30,88.309,89.115,87.718,0.806,-1.397
dancetrack,ByteTrack,MOTA,0.40,88.309,89.157,87.718,0.848,-1.439
dancetrack,ByteTrack,MOTA,0.50,88.309,89.175,87.718,0.866,-1.457
dancetrack,ByteTrack,MOTA,0.60,88.309,89.037,87.718,0.728,-1.319
dancetrack,ByteTrack,MOTA,0.70,88.309,88.756,87.718,0.447,-1.038
dancetrack,OC-SORT,HOTA,0.30,52.235,53.149,52.894,0.914,-0.255
dancetrack,OC-SORT,HOTA,0.40,52.235,53.156,52.894,0.921,-0.262
dancetrack,OC-SORT,HOTA,0.50,52.235,53.159,52.894,0.924,-0.265
dancetrack,OC-SORT,HOTA,0.60,52.235,53.095,52.894,0.86,-0.201
dancetrack,OC-SORT,HOTA,0.70,52.235,52.947,52.894,0.712,-0.053
dancetrack,OC-SORT,DetA,0.30,77.383,79.211,78.716,1.828,-0.495
dancetrack,OC-SORT,DetA,0.40,77.383,79.232,78.716,1.849,-0.516
dancetrack,OC-SORT,DetA,0.50,77.383,79.227,78.716,1.844,-0.511
dancetrack,OC-SORT,DetA,0.60,77.383,79.083,78.716,1.7,-0.367
dancetrack,OC-SORT,DetA,0.70,77.383,78.758,78.716,1.375,-0.042
dancetrack,OC-SORT,AssA,0.30,35.38,35.799,35.693,0.419,-0.106
dancetrack,OC-SORT,AssA,0.40,35.38,35.798,35.693,0.418,-0.105
dancetrack,OC-SORT,AssA,0.50,35.38,35.803,35.693,0.423,-0.11
dancetrack,OC-SORT,AssA,0.60,35.38,35.779,35.693,0.399,-0.086
dancetrack,OC-SORT,AssA,0.70,35.38,35.723,35.693,0.343,-0.03
dancetrack,OC-SORT,IDF1,0.30,51.853,52.49,52.303,0.637,-0.187
dancetrack,OC-SORT,IDF1,0.40,51.853,52.503,52.303,0.65,-0.2
dancetrack,OC-SORT,IDF1,0.50,51.853,52.512,52.303,0.659,-0.209
dancetrack,OC-SORT,IDF1,0.60,51.853,52.473,52.303,0.62,-0.17
dancetrack,OC-SORT,IDF1,0.70,51.853,52.373,52.303,0.52,-0.07
dancetrack,OC-SORT,MOTA,0.30,87.295,90.266,89.745,2.971,-0.521
dancetrack,OC-SORT,MOTA,0.40,87.295,90.294,89.745,2.999,-0.549
dancetrack,OC-SORT,MOTA,0.50,87.295,90.274,89.745,2.979,-0.529
dancetrack,OC-SORT,MOTA,0.60,87.295,89.963,89.745,2.668,-0.218
dancetrack,OC-SORT,MOTA,0.70,87.295,89.348,89.745,2.053,0.397
dancetrack,Deep-OC-SORT,HOTA,0.30,58.655,59.658,59.333,1.003,-0.325
dancetrack,Deep-OC-SORT,HOTA,0.40,58.655,59.66,59.333,1.005,-0.327
dancetrack,Deep-OC-SORT,HOTA,0.50,58.655,59.645,59.333,0.99,-0.312
dancetrack,Deep-OC-SORT,HOTA,0.60,58.655,59.594,59.333,0.939,-0.261
dancetrack,Deep-OC-SORT,HOTA,0.70,58.655,59.454,59.333,0.799,-0.121
dancetrack,Deep-OC-SORT,DetA,0.30,77.636,79.543,79.071,1.907,-0.472
dancetrack,Deep-OC-SORT,DetA,0.40,77.636,79.544,79.071,1.908,-0.473
dancetrack,Deep-OC-SORT,DetA,0.50,77.636,79.524,79.071,1.888,-0.453
dancetrack,Deep-OC-SORT,DetA,0.60,77.636,79.406,79.071,1.77,-0.335
dancetrack,Deep-OC-SORT,DetA,0.70,77.636,79.078,79.071,1.442,-0.007
dancetrack,Deep-OC-SORT,AssA,0.30,44.457,44.908,44.7,0.451,-0.208
dancetrack,Deep-OC-SORT,AssA,0.40,44.457,44.911,44.7,0.454,-0.211
dancetrack,Deep-OC-SORT,AssA,0.50,44.457,44.898,44.7,0.441,-0.198
dancetrack,Deep-OC-SORT,AssA,0.60,44.457,44.884,44.7,0.427,-0.184
dancetrack,Deep-OC-SORT,AssA,0.70,44.457,44.853,44.7,0.396,-0.153
dancetrack,Deep-OC-SORT,IDF1,0.30,59.462,60.211,59.888,0.749,-0.323
dancetrack,Deep-OC-SORT,IDF1,0.40,59.462,60.217,59.888,0.755,-0.329
dancetrack,Deep-OC-SORT,IDF1,0.50,59.462,60.202,59.888,0.74,-0.314
dancetrack,Deep-OC-SORT,IDF1,0.60,59.462,60.152,59.888,0.69,-0.264
dancetrack,Deep-OC-SORT,IDF1,0.70,59.462,60.046,59.888,0.584,-0.158
dancetrack,Deep-OC-SORT,MOTA,0.30,87.579,90.649,90.22,3.07,-0.429
dancetrack,Deep-OC-SORT,MOTA,0.40,87.579,90.663,90.22,3.084,-0.443
dancetrack,Deep-OC-SORT,MOTA,0.50,87.579,90.651,90.22,3.072,-0.431
dancetrack,Deep-OC-SORT,MOTA,0.60,87.579,90.345,90.22,2.766,-0.125
dancetrack,Deep-OC-SORT,MOTA,0.70,87.579,89.708,90.22,2.129,0.512
dancetrack,Hybrid-SORT,HOTA,0.30,59.313,59.768,59.123,0.455,-0.645
dancetrack,Hybrid-SORT,HOTA,0.40,59.313,59.774,59.123,0.461,-0.651
dancetrack,Hybrid-SORT,HOTA,0.50,59.313,59.777,59.123,0.464,-0.654
dancetrack,Hybrid-SORT,HOTA,0.60,59.313,59.744,59.123,0.431,-0.621
dancetrack,Hybrid-SORT,HOTA,0.70,59.313,59.669,59.123,0.356,-0.546
dancetrack,Hybrid-SORT,DetA,0.30,78.867,79.776,78.36,0.909,-1.416
dancetrack,Hybrid-SORT,DetA,0.40,78.867,79.789,78.36,0.922,-1.429
dancetrack,Hybrid-SORT,DetA,0.50,78.867,79.777,78.36,0.91,-1.417
dancetrack,Hybrid-SORT,DetA,0.60,78.867,79.706,78.36,0.839,-1.346
dancetrack,Hybrid-SORT,DetA,0.70,78.867,79.513,78.36,0.646,-1.153
dancetrack,Hybrid-SORT,AssA,0.30,44.814,44.999,44.838,0.185,-0.161
dancetrack,Hybrid-SORT,AssA,0.40,44.814,45.0,44.838,0.186,-0.162
dancetrack,Hybrid-SORT,AssA,0.50,44.814,45.009,44.838,0.195,-0.171
dancetrack,Hybrid-SORT,AssA,0.60,44.814,44.997,44.838,0.183,-0.159
dancetrack,Hybrid-SORT,AssA,0.70,44.814,44.988,44.838,0.174,-0.15
dancetrack,Hybrid-SORT,IDF1,0.30,60.876,61.246,60.692,0.37,-0.554
dancetrack,Hybrid-SORT,IDF1,0.40,60.876,61.257,60.692,0.381,-0.565
dancetrack,Hybrid-SORT,IDF1,0.50,60.876,61.282,60.692,0.406,-0.59
dancetrack,Hybrid-SORT,IDF1,0.60,60.876,61.249,60.692,0.373,-0.557
dancetrack,Hybrid-SORT,IDF1,0.70,60.876,61.17,60.692,0.294,-0.478
dancetrack,Hybrid-SORT,MOTA,0.30,89.516,91.099,89.378,1.583,-1.721
dancetrack,Hybrid-SORT,MOTA,0.40,89.516,91.132,89.378,1.616,-1.754
dancetrack,Hybrid-SORT,MOTA,0.50,89.516,91.133,89.378,1.617,-1.755
dancetrack,Hybrid-SORT,MOTA,0.60,89.516,90.911,89.378,1.395,-1.533
dancetrack,Hybrid-SORT,MOTA,0.70,89.516,90.52,89.378,1.004,-1.142
