a,b,metric,m_R0,m_R1,m_R2,d01,d12,d02,net_crossing,path
BoT-SORT,ByteTrack,HOTA,1.2749999999999915,1.413000000000011,1.4519999999999982,0.13800000000001944,0.03899999999998727,0.1770000000000067,no,no net crossing
BoT-SORT,ByteTrack,DetA,0.6210000000000093,0.7019999999999982,0.7689999999999912,0.08099999999998886,0.06699999999999307,0.14799999999998192,no,no net crossing
BoT-SORT,ByteTrack,AssA,1.9179999999999922,2.112000000000009,2.122,0.19400000000001683,0.009999999999990905,0.20400000000000773,no,no net crossing
BoT-SORT,ByteTrack,IDF1,1.740000000000009,1.8689999999999998,1.8780000000000001,0.12899999999999068,0.009000000000000341,0.13799999999999102,no,no net crossing
BoT-SORT,ByteTrack,MOTA,0.48399999999999466,0.5840000000000032,0.7590000000000003,0.10000000000000853,0.17499999999999716,0.2750000000000057,no,no net crossing
BoT-SORT,Deep-OC-SORT,HOTA,0.8839999999999861,0.12000000000000455,0.14999999999999147,-0.7639999999999816,0.029999999999986926,-0.7339999999999947,no,no net crossing
BoT-SORT,Deep-OC-SORT,DetA,2.4639999999999986,1.313999999999993,1.2169999999999987,-1.1500000000000057,-0.0969999999999942,-1.2469999999999999,no,no net crossing
BoT-SORT,Deep-OC-SORT,AssA,-0.7409999999999997,-1.086999999999989,-0.9229999999999876,-0.3459999999999894,0.16400000000000148,-0.18199999999998795,no,no net crossing
BoT-SORT,Deep-OC-SORT,IDF1,0.5110000000000099,-0.23499999999999943,-0.20300000000000296,-0.7460000000000093,0.031999999999996476,-0.7140000000000128,YES,at R0->R1
BoT-SORT,Deep-OC-SORT,MOTA,3.285999999999987,1.600999999999999,1.5619999999999976,-1.684999999999988,-0.03900000000000148,-1.7239999999999895,no,no net crossing
BoT-SORT,Hybrid-SORT,HOTA,2.247,2.2860000000000014,2.60799999999999,0.03900000000000148,0.3219999999999885,0.36099999999999,no,no net crossing
BoT-SORT,Hybrid-SORT,DetA,1.2600000000000051,0.9679999999999893,1.4279999999999973,-0.2920000000000158,0.46000000000000796,0.16799999999999216,no,no net crossing
BoT-SORT,Hybrid-SORT,AssA,3.2349999999999994,3.5919999999999987,3.760000000000005,0.3569999999999993,0.16800000000000637,0.5250000000000057,no,no net crossing
BoT-SORT,Hybrid-SORT,IDF1,3.899000000000001,3.986000000000004,4.5049999999999955,0.0870000000000033,0.5189999999999912,0.6059999999999945,no,no net crossing
BoT-SORT,Hybrid-SORT,MOTA,2.4469999999999885,1.9849999999999994,2.9110000000000014,-0.4619999999999891,0.9260000000000019,0.46400000000001285,no,no net crossing
BoT-SORT,OC-SORT,HOTA,2.8229999999999933,2.432000000000002,2.429000000000002,-0.39099999999999113,-0.0030000000000001137,-0.39399999999999125,no,no net crossing
BoT-SORT,OC-SORT,DetA,3.0130000000000052,2.205999999999989,2.0959999999999894,-0.8070000000000164,-0.10999999999999943,-0.9170000000000158,no,no net crossing
BoT-SORT,OC-SORT,AssA,2.701999999999998,2.7379999999999995,2.8400000000000034,0.036000000000001364,0.10200000000000387,0.13800000000000523,no,no net crossing
BoT-SORT,OC-SORT,IDF1,3.7120000000000033,3.299999999999997,3.279999999999987,-0.41200000000000614,-0.020000000000010232,-0.43200000000001637,no,no net crossing
BoT-SORT,OC-SORT,MOTA,3.9039999999999964,2.799999999999997,2.688999999999993,-1.1039999999999992,-0.1110000000000042,-1.2150000000000034,no,no net crossing
ByteTrack,Deep-OC-SORT,HOTA,-0.39100000000000534,-1.2930000000000064,-1.3020000000000067,-0.902000000000001,-0.009000000000000341,-0.9110000000000014,no,no net crossing
ByteTrack,Deep-OC-SORT,DetA,1.8429999999999893,0.6119999999999948,0.4480000000000075,-1.2309999999999945,-0.16399999999998727,-1.3949999999999818,no,no net crossing
ByteTrack,Deep-OC-SORT,AssA,-2.658999999999992,-3.198999999999998,-3.0449999999999875,-0.5400000000000063,0.15400000000001057,-0.3859999999999957,no,no net crossing
ByteTrack,Deep-OC-SORT,IDF1,-1.2289999999999992,-2.103999999999999,-2.081000000000003,-0.875,0.022999999999996135,-0.8520000000000039,no,no net crossing
ByteTrack,Deep-OC-SORT,MOTA,2.8019999999999925,1.016999999999996,0.8029999999999973,-1.7849999999999966,-0.21399999999999864,-1.9989999999999952,no,no net crossing
ByteTrack,Hybrid-SORT,HOTA,0.9720000000000084,0.8729999999999905,1.1559999999999917,-0.09900000000001796,0.28300000000000125,0.1839999999999833,no,no net crossing
ByteTrack,Hybrid-SORT,DetA,0.6389999999999958,0.26599999999999113,0.659000000000006,-0.37300000000000466,0.3930000000000149,0.020000000000010232,no,no net crossing
ByteTrack,Hybrid-SORT,AssA,1.3170000000000073,1.4799999999999898,1.6380000000000052,0.1629999999999825,0.15800000000001546,0.32099999999999795,no,no net crossing
ByteTrack,Hybrid-SORT,IDF1,2.158999999999992,2.1170000000000044,2.6269999999999953,-0.04199999999998738,0.5099999999999909,0.4680000000000035,no,no net crossing
ByteTrack,Hybrid-SORT,MOTA,1.9629999999999939,1.4009999999999962,2.152000000000001,-0.5619999999999976,0.7510000000000048,0.18900000000000716,no,no net crossing
ByteTrack,OC-SORT,HOTA,1.5480000000000018,1.0189999999999912,0.9770000000000039,-0.5290000000000106,-0.04199999999998738,-0.570999999999998,no,no net crossing
ByteTrack,OC-SORT,DetA,2.391999999999996,1.5039999999999907,1.3269999999999982,-0.8880000000000052,-0.1769999999999925,-1.0649999999999977,no,no net crossing
ByteTrack,OC-SORT,AssA,0.784000000000006,0.6259999999999906,0.7180000000000035,-0.15800000000001546,0.09200000000001296,-0.0660000000000025,no,no net crossing
ByteTrack,OC-SORT,IDF1,1.9719999999999942,1.4309999999999974,1.4019999999999868,-0.5409999999999968,-0.029000000000010573,-0.5700000000000074,no,no net crossing
ByteTrack,OC-SORT,MOTA,3.4200000000000017,2.215999999999994,1.9299999999999926,-1.2040000000000077,-0.28600000000000136,-1.490000000000009,no,no net crossing
Deep-OC-SORT,Hybrid-SORT,HOTA,1.3630000000000138,2.165999999999997,2.4579999999999984,0.8029999999999831,0.2920000000000016,1.0949999999999847,no,no net crossing
Deep-OC-SORT,Hybrid-SORT,DetA,-1.2039999999999935,-0.34600000000000364,0.21099999999999852,0.8579999999999899,0.5570000000000022,1.414999999999992,YES,only at R1->R2
Deep-OC-SORT,Hybrid-SORT,AssA,3.975999999999999,4.678999999999988,4.682999999999993,0.7029999999999887,0.0040000000000048885,0.7069999999999936,no,no net crossing
Deep-OC-SORT,Hybrid-SORT,IDF1,3.387999999999991,4.221000000000004,4.707999999999998,0.8330000000000126,0.48699999999999477,1.3200000000000074,no,no net crossing
Deep-OC-SORT,Hybrid-SORT,MOTA,-0.8389999999999986,0.38400000000000034,1.3490000000000038,1.222999999999999,0.9650000000000034,2.1880000000000024,YES,at R0->R1
Deep-OC-SORT,OC-SORT,HOTA,1.9390000000000072,2.3119999999999976,2.2790000000000106,0.37299999999999045,-0.03299999999998704,0.3400000000000034,no,no net crossing
Deep-OC-SORT,OC-SORT,DetA,0.5490000000000066,0.8919999999999959,0.8789999999999907,0.3429999999999893,-0.01300000000000523,0.3299999999999841,no,no net crossing
Deep-OC-SORT,OC-SORT,AssA,3.442999999999998,3.8249999999999886,3.762999999999991,0.3819999999999908,-0.06199999999999761,0.3199999999999932,no,no net crossing
Deep-OC-SORT,OC-SORT,IDF1,3.2009999999999934,3.5349999999999966,3.48299999999999,0.3340000000000032,-0.05200000000000671,0.2819999999999965,no,no net crossing
Deep-OC-SORT,OC-SORT,MOTA,0.6180000000000092,1.198999999999998,1.1269999999999953,0.5809999999999889,-0.07200000000000273,0.5089999999999861,no,no net crossing
Hybrid-SORT,OC-SORT,HOTA,0.5759999999999934,0.1460000000000008,-0.17899999999998784,-0.4299999999999926,-0.32499999999998863,-0.7549999999999812,YES,only at R1->R2
Hybrid-SORT,OC-SORT,DetA,1.7530000000000001,1.2379999999999995,0.6679999999999922,-0.5150000000000006,-0.5700000000000074,-1.085000000000008,no,no net crossing
Hybrid-SORT,OC-SORT,AssA,-0.5330000000000013,-0.8539999999999992,-0.9200000000000017,-0.32099999999999795,-0.0660000000000025,-0.38700000000000045,no,no net crossing
Hybrid-SORT,OC-SORT,IDF1,-0.1869999999999976,-0.686000000000007,-1.2250000000000085,-0.49900000000000944,-0.5390000000000015,-1.038000000000011,no,no net crossing
Hybrid-SORT,OC-SORT,MOTA,1.4570000000000078,0.8149999999999977,-0.2220000000000084,-0.6420000000000101,-1.0370000000000061,-1.6790000000000163,YES,only at R1->R2
