a,b,metric,m_R0,m_R1,m_R2,d01,d12,net_crossing,path
ByteTrack,Deep-OC-SORT,HOTA,-11.762,-12.507000000000005,-12.524000000000001,-0.7450000000000045,-0.016999999999995907,no,no net crossing
ByteTrack,Deep-OC-SORT,DetA,-6.977999999999994,-8.439000000000007,-8.873000000000005,-1.4610000000000127,-0.4339999999999975,no,no net crossing
ByteTrack,Deep-OC-SORT,AssA,-13.209,-13.509000000000004,-13.353000000000002,-0.30000000000000426,0.15600000000000236,no,no net crossing
ByteTrack,Deep-OC-SORT,IDF1,-7.8260000000000005,-8.358999999999995,-8.361999999999995,-0.5329999999999941,-0.0030000000000001137,no,no net crossing
ByteTrack,Deep-OC-SORT,MOTA,0.730000000000004,-1.475999999999999,-2.5019999999999953,-2.206000000000003,-1.0259999999999962,YES,at R0->R1
ByteTrack,Hybrid-SORT,HOTA,-12.420000000000002,-12.639000000000003,-12.314,-0.2190000000000012,0.32500000000000284,no,no net crossing
ByteTrack,Hybrid-SORT,DetA,-8.209000000000003,-8.692000000000007,-8.162000000000006,-0.4830000000000041,0.5300000000000011,no,no net crossing
ByteTrack,Hybrid-SORT,AssA,-13.565999999999999,-13.620000000000001,-13.491,-0.054000000000002046,0.12900000000000134,no,no net crossing
ByteTrack,Hybrid-SORT,IDF1,-9.239999999999995,-9.438999999999993,-9.165999999999997,-0.19899999999999807,0.27299999999999613,no,no net crossing
ByteTrack,Hybrid-SORT,MOTA,-1.2070000000000078,-1.9579999999999984,-1.6599999999999966,-0.7509999999999906,0.2980000000000018,no,no net crossing
ByteTrack,OC-SORT,HOTA,-5.341999999999999,-6.021000000000001,-6.085000000000001,-0.679000000000002,-0.06400000000000006,no,no net crossing
ByteTrack,OC-SORT,DetA,-6.724999999999994,-8.14200000000001,-8.518,-1.4170000000000158,-0.37599999999999056,no,no net crossing
ByteTrack,OC-SORT,AssA,-4.1320000000000014,-4.413999999999998,-4.3459999999999965,-0.2819999999999965,0.06800000000000139,no,no net crossing
ByteTrack,OC-SORT,IDF1,-0.21699999999999875,-0.6689999999999969,-0.7769999999999939,-0.4519999999999982,-0.10799999999999699,no,no net crossing
ByteTrack,OC-SORT,MOTA,1.0139999999999958,-1.0990000000000038,-2.027000000000001,-2.1129999999999995,-0.9279999999999973,YES,at R0->R1
Deep-OC-SORT,Hybrid-SORT,HOTA,-0.6580000000000013,-0.1319999999999979,0.21000000000000085,0.5260000000000034,0.34199999999999875,YES,only at R1->R2
Deep-OC-SORT,Hybrid-SORT,DetA,-1.2310000000000088,-0.2530000000000001,0.7109999999999985,0.9780000000000086,0.9639999999999986,YES,only at R1->R2
Deep-OC-SORT,Hybrid-SORT,AssA,-0.3569999999999993,-0.1109999999999971,-0.13799999999999812,0.24600000000000222,-0.027000000000001023,no,no net crossing
Deep-OC-SORT,Hybrid-SORT,IDF1,-1.4139999999999944,-1.0799999999999983,-0.804000000000002,0.3339999999999961,0.27599999999999625,no,no net crossing
Deep-OC-SORT,Hybrid-SORT,MOTA,-1.9370000000000118,-0.4819999999999993,0.8419999999999987,1.4550000000000125,1.323999999999998,YES,only at R1->R2
Deep-OC-SORT,OC-SORT,HOTA,6.420000000000002,6.486000000000004,6.439,0.0660000000000025,-0.04700000000000415,no,no net crossing
Deep-OC-SORT,OC-SORT,DetA,0.2530000000000001,0.29699999999999704,0.355000000000004,0.04399999999999693,0.058000000000006935,no,no net crossing
Deep-OC-SORT,OC-SORT,AssA,9.076999999999998,9.095000000000006,9.007000000000005,0.018000000000007788,-0.08800000000000097,no,no net crossing
Deep-OC-SORT,OC-SORT,IDF1,7.609000000000002,7.689999999999998,7.585000000000001,0.08099999999999596,-0.10499999999999687,no,no net crossing
Deep-OC-SORT,OC-SORT,MOTA,0.2839999999999918,0.37699999999999534,0.4749999999999943,0.09300000000000352,0.09799999999999898,no,no net crossing
Hybrid-SORT,OC-SORT,HOTA,7.078000000000003,6.618000000000002,6.228999999999999,-0.46000000000000085,-0.3890000000000029,no,no net crossing
Hybrid-SORT,OC-SORT,DetA,1.4840000000000089,0.5499999999999972,-0.35599999999999454,-0.9340000000000117,-0.9059999999999917,YES,only at R1->R2
Hybrid-SORT,OC-SORT,AssA,9.433999999999997,9.206000000000003,9.145000000000003,-0.22799999999999443,-0.06099999999999994,no,no net crossing
Hybrid-SORT,OC-SORT,IDF1,9.022999999999996,8.769999999999996,8.389000000000003,-0.2530000000000001,-0.3809999999999931,no,no net crossing
Hybrid-SORT,OC-SORT,MOTA,2.2210000000000036,0.8589999999999947,-0.36700000000000443,-1.362000000000009,-1.225999999999999,YES,only at R1->R2
