population,tracker,r2_dir,r2_rows,r2_files_sha256,r2_state_sha256
dancetrack,ByteTrack,TPAMI_V2_checked_20260923/dancetrack_controlled_20261003/results/trackers/DANCE-val/BYTETRACK_R2_PRIMARY/data,224821,97a5c79026d5c26a5529c88229e2fa8a14d854a53b864831d247dd8408d22eef,fa7310ccff8fbb5d5a5cc47e0f250c2dd0aea7085a46bdebbdec9c0476b18fbf
dancetrack,Deep-OC-SORT,TPAMI_V2_checked_20260923/dancetrack_controlled_20261003/results/trackers/DANCE-val/DEEPOCSORT_R2_PRIMARY/data,217171,a9c5653166666a49c70ca7c9e82724b7e2ae944484a1fe39f43dbdcc4338ac6c,7f8a110500d73f16a99c903ae81f34f3ea6bffb4375425aad6485353b1d0f407
dancetrack,Hybrid-SORT,TPAMI_V2_checked_20260923/dancetrack_controlled_20261003/results/trackers/DANCE-val/HYBRIDSORT_R2_PRIMARY/data,227851,95a35bf0744f3c854d2e3ca86c18d27f3b8a9d05a14866887781550641b423aa,9cb8f9545a885ea8518444664957f4647c7b09d54d36237074b224adfc873679
dancetrack,OC-SORT,TPAMI_V2_checked_20260923/dancetrack_controlled_20261003/results/trackers/DANCE-val/OCSORT_R2_PRIMARY/data,217890,13bb0ac0ce122bef90d14fe474010b4deefc0d1ff36d3d34780b2b6eb737386f,bca4e8fb527c9c52941e83a57b38f59507eb20dc9e210fb0201ba82283b566c8
mot17,BoT-SORT,mot_audit_20260828/repos/TrackEval/data/trackers/mot_challenge/MOT17-val_half/BoTSORT_R2/data,50779,3d32ecdb6bd51939132cb44009a02f57bd832c1034a3be05cfe8214a67da5965,c7b22e4930d01214114bd7f64fa391ebe1e6c623d539f152c410d39202fb82fe
mot17,ByteTrack,mot_audit_20260828/repos/TrackEval/data/trackers/mot_challenge/MOT17-val_half/ByteTrack_R2/data,50241,27170efb0705c97e62c4f847af3aee9493abb5bde50b880470407b46fecf3876,094590d16d360f9a0171c5b0addf84920355fa1bf08b0044860129f7b4282aa7
mot17,Deep-OC-SORT,mot_audit_20260828/repos/TrackEval/data/trackers/mot_challenge/MOT17-val/V9-MOT17-DEEPOCSORT-001__R2/data,46541,6a64eb9d516519ae182795f23218dd9b75d0d2475317ab380a081862b3733e6c,87e86aa56d324890483d2dbcaefa06a6db166fc0ebeb945196f3bc3d606ce62d
mot17,Hybrid-SORT,mot_audit_20260828/repos/TrackEval/data/trackers/mot_challenge/MOT17-val/V9-MOT17-HYBRIDSORT-002__R2/data,52183,97c0216bf532ed50758ebe2b5b8bc89b57c093cebe8d3ac69eb0df8a7b542415,7adfd3450419ce6f10cf19454bda5f6b364a06e4fadab9b940b5d9ddf8b05dc2
mot17,OC-SORT,mot_audit_20260828/repos/TrackEval/data/trackers/mot_challenge/MOT17-val_half/OCSORT_R2/data,45927,320a0239a399618fbcc0642c405e04ad7313c1424572d60757afd2f366fb40ed,991760d8a72a3572d361c8e544d27210599a0e1ccbbd8498fbe972df16914b22
mot20,Deep-OC-SORT,mot_audit_20260828/repos/TrackEval/data/trackers/mot_challenge/MOT20-val/V9-MOT20-DEEPOCSORT-001__R2/data,564679,642c54750d406e6046bb79d3f1d7e479b31309f0cba71acb5d0f3823ec43f817,37462deb4011e2082489f7d266e259ebc3c4e80dd8dfd96888becf8c1032f0c6
