population,tracker,metric,draws,R0,R1,R2,rand_mean,rand_median,rand_p2_5,rand_p97_5,rand_min,rand_max,draws_ge_R1,draws_gt_R1,R1_empirical_percentile,R1_rank_of_n,gap_R1_minus_randmax,rand_range,gap_over_range,rand_mean_above_R0,rand_mean_minus_R0
dancetrack,ByteTrack,HOTA,1000,46.8930,47.1380,46.8090,46.9130,46.9130,46.9020,46.9235,46.8978,46.9284,0,0,100.0,1001 of 1001,+0.2096,0.0307,6.8,YES,+0.0200
dancetrack,ByteTrack,DetA,1000,70.6580,71.0850,70.1980,70.6383,70.6385,70.6161,70.6608,70.6010,70.6745,0,0,100.0,1001 of 1001,+0.4105,0.0735,5.6,no,-0.0197
dancetrack,ByteTrack,AssA,1000,31.2480,31.3890,31.3470,31.2863,31.2862,31.2757,31.2969,31.2667,31.3015,0,0,100.0,1001 of 1001,+0.0875,0.0349,2.5,YES,+0.0383
dancetrack,ByteTrack,IDF1,1000,51.6360,51.8430,51.5260,51.6530,51.6528,51.6375,51.6686,51.6267,51.6785,0,0,100.0,1001 of 1001,+0.1645,0.0518,3.2,YES,+0.0170
dancetrack,ByteTrack,MOTA,1000,88.3090,89.1750,87.7180,88.2696,88.2695,88.2313,88.3081,88.2064,88.3308,0,0,100.0,1001 of 1001,+0.8442,0.1244,6.8,no,-0.0394
dancetrack,Deep-OC-SORT,HOTA,1000,58.6550,59.6450,59.3330,59.1397,59.1403,59.1225,59.1569,59.1086,59.1666,0,0,100.0,1001 of 1001,+0.4784,0.0579,8.3,YES,+0.4847
dancetrack,Deep-OC-SORT,DetA,1000,77.6360,79.5240,79.0710,78.6158,78.6154,78.5842,78.6463,78.5622,78.6579,0,0,100.0,1001 of 1001,+0.8661,0.0957,9.0,YES,+0.9798
dancetrack,Deep-OC-SORT,AssA,1000,44.4570,44.8980,44.7000,44.6515,44.6514,44.6324,44.6708,44.6230,44.6803,0,0,100.0,1001 of 1001,+0.2177,0.0573,3.8,YES,+0.1945
dancetrack,Deep-OC-SORT,IDF1,1000,59.4620,60.2020,59.8880,59.7886,59.7885,59.7651,59.8119,59.7500,59.8247,0,0,100.0,1001 of 1001,+0.3773,0.0747,5.1,YES,+0.3266
dancetrack,Deep-OC-SORT,MOTA,1000,87.5790,90.6510,90.2200,89.2143,89.2138,89.1591,89.2702,89.1196,89.3017,0,0,100.0,1001 of 1001,+1.3493,0.1821,7.4,YES,+1.6353
dancetrack,Hybrid-SORT,HOTA,1000,59.3130,59.7770,59.1230,59.3437,59.3441,59.3281,59.3582,59.3169,59.3688,0,0,100.0,1001 of 1001,+0.4082,0.0519,7.9,YES,+0.0307
dancetrack,Hybrid-SORT,DetA,1000,78.8670,79.7770,78.3600,78.8997,78.8997,78.8699,78.9293,78.8531,78.9379,0,0,100.0,1001 of 1001,+0.8391,0.0848,9.9,YES,+0.0327
dancetrack,Hybrid-SORT,AssA,1000,44.8140,45.0090,44.8380,44.8499,44.8502,44.8320,44.8667,44.8157,44.8761,0,0,100.0,1001 of 1001,+0.1329,0.0604,2.2,YES,+0.0359
dancetrack,Hybrid-SORT,IDF1,1000,60.8760,61.2820,60.6920,60.8976,60.8975,60.8778,60.9164,60.8634,60.9326,0,0,100.0,1001 of 1001,+0.3494,0.0692,5.0,YES,+0.0216
dancetrack,Hybrid-SORT,MOTA,1000,89.5160,91.1330,89.3780,89.7026,89.7028,89.6561,89.7454,89.6282,89.7685,0,0,100.0,1001 of 1001,+1.3645,0.1404,9.7,YES,+0.1866
dancetrack,OC-SORT,HOTA,1000,52.2350,53.1590,52.8940,52.6715,52.6715,52.6551,52.6882,52.6454,52.7033,0,0,100.0,1001 of 1001,+0.4557,0.0579,7.9,YES,+0.4365
dancetrack,OC-SORT,DetA,1000,77.3830,79.2270,78.7160,78.2598,78.2602,78.2247,78.2924,78.2067,78.3073,0,0,100.0,1001 of 1001,+0.9197,0.1007,9.1,YES,+0.8768
dancetrack,OC-SORT,AssA,1000,35.3800,35.8030,35.6930,35.5861,35.5866,35.5682,35.6045,35.5589,35.6151,0,0,100.0,1001 of 1001,+0.1879,0.0562,3.3,YES,+0.2061
dancetrack,OC-SORT,IDF1,1000,51.8530,52.5120,52.3030,52.1604,52.1602,52.1368,52.1832,52.1203,52.2121,0,0,100.0,1001 of 1001,+0.2999,0.0918,3.3,YES,+0.3074
dancetrack,OC-SORT,MOTA,1000,87.2950,90.2740,89.7450,88.7310,88.7305,88.6746,88.7869,88.6426,88.8291,0,0,100.0,1001 of 1001,+1.4449,0.1865,7.7,YES,+1.4360
mot17,BoT-SORT,HOTA,1000,69.1950,70.4800,70.4190,69.9867,69.9866,69.9563,70.0182,69.9400,70.0329,0,0,100.0,1001 of 1001,+0.4471,0.0929,4.8,YES,+0.7917
mot17,BoT-SORT,DetA,1000,67.2510,68.7520,68.7400,68.2216,68.2208,68.1805,68.2636,68.1625,68.2883,0,0,100.0,1001 of 1001,+0.4637,0.1258,3.7,YES,+0.9706
mot17,BoT-SORT,AssA,1000,71.7080,72.7750,72.6800,72.3267,72.3274,72.2863,72.3656,72.2593,72.3840,0,0,100.0,1001 of 1001,+0.3910,0.1248,3.1,YES,+0.6187
mot17,BoT-SORT,IDF1,1000,81.6440,82.8010,82.6980,82.3413,82.3414,82.3041,82.3769,82.2818,82.4010,0,0,100.0,1001 of 1001,+0.4000,0.1192,3.4,YES,+0.6973
mot17,BoT-SORT,MOTA,1000,78.4390,80.6010,80.4990,79.7768,79.7773,79.7124,79.8404,79.6734,79.8942,0,0,100.0,1001 of 1001,+0.7068,0.2208,3.2,YES,+1.3378
mot17,ByteTrack,HOTA,1000,67.9200,69.0670,68.9670,68.5986,68.5986,68.5670,68.6297,68.5557,68.6522,0,0,100.0,1001 of 1001,+0.4148,0.0964,4.3,YES,+0.6786
mot17,ByteTrack,DetA,1000,66.6300,68.0500,67.9710,67.5091,67.5095,67.4703,67.5492,67.4299,67.5798,0,0,100.0,1001 of 1001,+0.4702,0.1499,3.1,YES,+0.8791
mot17,ByteTrack,AssA,1000,69.7900,70.6630,70.5580,70.2755,70.2753,70.2392,70.3156,70.2200,70.3403,0,0,100.0,1001 of 1001,+0.3227,0.1203,2.7,YES,+0.4855
mot17,ByteTrack,IDF1,1000,79.9040,80.9320,80.8200,80.4904,80.4913,80.4526,80.5283,80.4339,80.5564,0,0,100.0,1001 of 1001,+0.3756,0.1225,3.1,YES,+0.5864
mot17,ByteTrack,MOTA,1000,77.9550,80.0170,79.7400,79.1268,79.1260,79.0573,79.1947,79.0054,79.2206,0,0,100.0,1001 of 1001,+0.7964,0.2153,3.7,YES,+1.1718
mot17,Deep-OC-SORT,HOTA,1000,68.3110,70.3600,70.2690,69.6886,69.6887,69.6509,69.7264,69.6237,69.7586,0,0,100.0,1001 of 1001,+0.6014,0.1349,4.5,YES,+1.3776
mot17,Deep-OC-SORT,DetA,1000,64.7870,67.4380,67.5230,66.7530,66.7528,66.7145,66.7927,66.6889,66.8164,0,0,100.0,1001 of 1001,+0.6216,0.1275,4.9,YES,+1.9660
mot17,Deep-OC-SORT,AssA,1000,72.4490,73.8620,73.6030,73.2158,73.2165,73.1615,73.2706,73.1377,73.3015,0,0,100.0,1001 of 1001,+0.5605,0.1638,3.4,YES,+0.7668
mot17,Deep-OC-SORT,IDF1,1000,81.1330,83.0360,82.9010,82.4132,82.4132,82.3703,82.4558,82.3481,82.4869,0,0,100.0,1001 of 1001,+0.5491,0.1389,4.0,YES,+1.2802
mot17,Deep-OC-SORT,MOTA,1000,75.1530,79.0000,78.9370,77.8010,77.7937,77.6916,77.9254,77.6118,78.0108,0,0,100.0,1001 of 1001,+0.9892,0.3990,2.5,YES,+2.6480
mot17,Hybrid-SORT,HOTA,1000,66.9480,68.1940,67.8110,67.5216,67.5213,67.4867,67.5566,67.4658,67.5780,0,0,100.0,1001 of 1001,+0.6160,0.1122,5.5,YES,+0.5736
mot17,Hybrid-SORT,DetA,1000,65.9910,67.7840,67.3120,66.8202,66.8209,66.7689,66.8729,66.7361,66.9099,0,0,100.0,1001 of 1001,+0.8741,0.1738,5.0,YES,+0.8292
mot17,Hybrid-SORT,AssA,1000,68.4730,69.1830,68.9200,68.8091,68.8096,68.7655,68.8526,68.7363,68.8833,0,0,100.0,1001 of 1001,+0.2997,0.1471,2.0,YES,+0.3361
mot17,Hybrid-SORT,IDF1,1000,77.7450,78.8150,78.1930,78.1017,78.1014,78.0569,78.1503,78.0268,78.1762,0,0,100.0,1001 of 1001,+0.6388,0.1495,4.3,YES,+0.3567
mot17,Hybrid-SORT,MOTA,1000,75.9920,78.6160,77.5880,76.9652,76.9660,76.8751,77.0607,76.7990,77.1071,0,0,100.0,1001 of 1001,+1.5089,0.3080,4.9,YES,+0.9732
mot17,OC-SORT,HOTA,1000,66.3720,68.0480,67.9900,67.5032,67.5039,67.4684,67.5365,67.4486,67.5667,0,0,100.0,1001 of 1001,+0.4813,0.1181,4.1,YES,+1.1312
mot17,OC-SORT,DetA,1000,64.2380,66.5460,66.6440,65.9653,65.9648,65.9277,66.0063,65.8964,66.0275,0,0,100.0,1001 of 1001,+0.5185,0.1310,4.0,YES,+1.7273
mot17,OC-SORT,AssA,1000,69.0060,70.0370,69.8400,69.5398,69.5405,69.4859,69.5887,69.4653,69.6250,0,0,100.0,1001 of 1001,+0.4120,0.1597,2.6,YES,+0.5338
mot17,OC-SORT,IDF1,1000,77.9320,79.5010,79.4180,78.9893,78.9892,78.9444,79.0320,78.9249,79.0717,0,0,100.0,1001 of 1001,+0.4293,0.1467,2.9,YES,+1.0573
mot17,OC-SORT,MOTA,1000,74.5350,77.8010,77.8100,76.9027,76.9067,76.7935,77.0217,76.7304,77.1071,0,0,100.0,1001 of 1001,+0.6939,0.3767,1.8,YES,+2.3677
mot20,Deep-OC-SORT,HOTA,1000,57.3840,59.4800,59.5360,58.9759,58.9758,58.9660,58.9856,58.9585,58.9911,0,0,100.0,1001 of 1001,+0.4889,0.0326,15.0,YES,+1.5919
mot20,Deep-OC-SORT,DetA,1000,57.9360,60.8260,60.9760,60.2202,60.2200,60.2119,60.2294,60.2053,60.2354,0,0,100.0,1001 of 1001,+0.5906,0.0302,19.6,YES,+2.2842
mot20,Deep-OC-SORT,AssA,1000,57.0010,58.3350,58.3060,57.9312,57.9312,57.9164,57.9463,57.9016,57.9553,0,0,100.0,1001 of 1001,+0.3797,0.0537,7.1,YES,+0.9302
mot20,Deep-OC-SORT,IDF1,1000,74.7520,76.5570,76.4480,76.0224,76.0225,76.0098,76.0356,75.9996,76.0417,0,0,100.0,1001 of 1001,+0.5153,0.0421,12.2,YES,+1.2704
mot20,Deep-OC-SORT,MOTA,1000,69.9430,74.1360,74.0110,72.9978,72.9979,72.9748,73.0189,72.9633,73.0306,0,0,100.0,1001 of 1001,+1.1054,0.0673,16.4,YES,+3.0548
