id,population,arm,quantity,value,unit,artifact,status,note
M17-Deep-OC-SORT-SYNTH,MOT17,released DTI,Deep-OC-SORT synthesized rows,2960,rows,Step 9 B1_mot17_gate_summary.csv,CURRENT,
M17-Deep-OC-SORT-UNM,MOT17,released DTI,Deep-OC-SORT ANCHOR_UNMATCHED at gate 0.50,570,rows,Step 9 B1_mot17_gate_summary.csv,CURRENT,
M17-Deep-OC-SORT-IDM,MOT17,released DTI,Deep-OC-SORT ANCHOR_ID_MISMATCH at gate 0.50,286,rows,Step 9 B1_mot17_gate_summary.csv,CURRENT,
M17-Deep-OC-SORT-ABS,MOT17,released DTI,Deep-OC-SORT TARGET_REFERENCE_ABSENT at gate 0.50,0,rows,Step 9 B1_mot17_gate_summary.csv,CURRENT,
M17-Deep-OC-SORT-ADM,MOT17,released DTI,Deep-OC-SORT SEMANTICALLY_ADMITTED at gate 0.50,2104,rows,Step 9 B1_mot17_gate_summary.csv,CURRENT,
M17-Deep-OC-SORT-NA,MOT17,released DTI,Deep-OC-SORT non-admitted at gate 0.50,856,rows,Step 9 B1_mot17_gate_summary.csv,CURRENT,
M17-Deep-OC-SORT-NAPCT,MOT17,released DTI,Deep-OC-SORT non-admitted fraction at gate 0.50,28.9189,percent,Step 9 B1_mot17_gate_summary.csv,CURRENT,
M17-Deep-OC-SORT-GS,MOT17,released DTI,Deep-OC-SORT gate-stable non-admitted,694,rows,Step 9 C3_gate_stability_summary.csv,CURRENT,
M17-Deep-OC-SORT-GSPCT,MOT17,released DTI,Deep-OC-SORT gate-stable non-admitted fraction,23.4459,percent,Step 9 C3_gate_stability_summary.csv,CURRENT,
M17-OC-SORT-SYNTH,MOT17,released DTI,OC-SORT synthesized rows,2622,rows,Step 9 B1_mot17_gate_summary.csv,CURRENT,
M17-OC-SORT-UNM,MOT17,released DTI,OC-SORT ANCHOR_UNMATCHED at gate 0.50,408,rows,Step 9 B1_mot17_gate_summary.csv,CURRENT,
M17-OC-SORT-IDM,MOT17,released DTI,OC-SORT ANCHOR_ID_MISMATCH at gate 0.50,375,rows,Step 9 B1_mot17_gate_summary.csv,CURRENT,
M17-OC-SORT-ABS,MOT17,released DTI,OC-SORT TARGET_REFERENCE_ABSENT at gate 0.50,0,rows,Step 9 B1_mot17_gate_summary.csv,CURRENT,
M17-OC-SORT-ADM,MOT17,released DTI,OC-SORT SEMANTICALLY_ADMITTED at gate 0.50,1839,rows,Step 9 B1_mot17_gate_summary.csv,CURRENT,
M17-OC-SORT-NA,MOT17,released DTI,OC-SORT non-admitted at gate 0.50,783,rows,Step 9 B1_mot17_gate_summary.csv,CURRENT,
M17-OC-SORT-NAPCT,MOT17,released DTI,OC-SORT non-admitted fraction at gate 0.50,29.8627,percent,Step 9 B1_mot17_gate_summary.csv,CURRENT,
M17-OC-SORT-GS,MOT17,released DTI,OC-SORT gate-stable non-admitted,666,rows,Step 9 C3_gate_stability_summary.csv,CURRENT,
M17-OC-SORT-GSPCT,MOT17,released DTI,OC-SORT gate-stable non-admitted fraction,25.4005,percent,Step 9 C3_gate_stability_summary.csv,CURRENT,
M17-BoT-SORT-SYNTH,MOT17,released DTI,BoT-SORT synthesized rows,2090,rows,Step 9 B1_mot17_gate_summary.csv,CURRENT,
M17-BoT-SORT-UNM,MOT17,released DTI,BoT-SORT ANCHOR_UNMATCHED at gate 0.50,576,rows,Step 9 B1_mot17_gate_summary.csv,CURRENT,
M17-BoT-SORT-IDM,MOT17,released DTI,BoT-SORT ANCHOR_ID_MISMATCH at gate 0.50,227,rows,Step 9 B1_mot17_gate_summary.csv,CURRENT,
M17-BoT-SORT-ABS,MOT17,released DTI,BoT-SORT TARGET_REFERENCE_ABSENT at gate 0.50,0,rows,Step 9 B1_mot17_gate_summary.csv,CURRENT,
M17-BoT-SORT-ADM,MOT17,released DTI,BoT-SORT SEMANTICALLY_ADMITTED at gate 0.50,1287,rows,Step 9 B1_mot17_gate_summary.csv,CURRENT,
M17-BoT-SORT-NA,MOT17,released DTI,BoT-SORT non-admitted at gate 0.50,803,rows,Step 9 B1_mot17_gate_summary.csv,CURRENT,
M17-BoT-SORT-NAPCT,MOT17,released DTI,BoT-SORT non-admitted fraction at gate 0.50,38.4211,percent,Step 9 B1_mot17_gate_summary.csv,CURRENT,
M17-BoT-SORT-GS,MOT17,released DTI,BoT-SORT gate-stable non-admitted,634,rows,Step 9 C3_gate_stability_summary.csv,CURRENT,
M17-BoT-SORT-GSPCT,MOT17,released DTI,BoT-SORT gate-stable non-admitted fraction,30.3349,percent,Step 9 C3_gate_stability_summary.csv,CURRENT,
M17-ByteTrack-SYNTH,MOT17,released DTI,ByteTrack synthesized rows,2072,rows,Step 9 B1_mot17_gate_summary.csv,CURRENT,
M17-ByteTrack-UNM,MOT17,released DTI,ByteTrack ANCHOR_UNMATCHED at gate 0.50,604,rows,Step 9 B1_mot17_gate_summary.csv,CURRENT,
M17-ByteTrack-IDM,MOT17,released DTI,ByteTrack ANCHOR_ID_MISMATCH at gate 0.50,244,rows,Step 9 B1_mot17_gate_summary.csv,CURRENT,
M17-ByteTrack-ABS,MOT17,released DTI,ByteTrack TARGET_REFERENCE_ABSENT at gate 0.50,0,rows,Step 9 B1_mot17_gate_summary.csv,CURRENT,
M17-ByteTrack-ADM,MOT17,released DTI,ByteTrack SEMANTICALLY_ADMITTED at gate 0.50,1224,rows,Step 9 B1_mot17_gate_summary.csv,CURRENT,
M17-ByteTrack-NA,MOT17,released DTI,ByteTrack non-admitted at gate 0.50,848,rows,Step 9 B1_mot17_gate_summary.csv,CURRENT,
M17-ByteTrack-NAPCT,MOT17,released DTI,ByteTrack non-admitted fraction at gate 0.50,40.9266,percent,Step 9 B1_mot17_gate_summary.csv,CURRENT,
M17-ByteTrack-GS,MOT17,released DTI,ByteTrack gate-stable non-admitted,694,rows,Step 9 C3_gate_stability_summary.csv,CURRENT,
M17-ByteTrack-GSPCT,MOT17,released DTI,ByteTrack gate-stable non-admitted fraction,33.4942,percent,Step 9 C3_gate_stability_summary.csv,CURRENT,
M17-Hybrid-SORT-SYNTH,MOT17,released DTI,Hybrid-SORT synthesized rows,3023,rows,Step 9 B1_mot17_gate_summary.csv,CURRENT,
M17-Hybrid-SORT-UNM,MOT17,released DTI,Hybrid-SORT ANCHOR_UNMATCHED at gate 0.50,1266,rows,Step 9 B1_mot17_gate_summary.csv,CURRENT,
M17-Hybrid-SORT-IDM,MOT17,released DTI,Hybrid-SORT ANCHOR_ID_MISMATCH at gate 0.50,216,rows,Step 9 B1_mot17_gate_summary.csv,CURRENT,
M17-Hybrid-SORT-ABS,MOT17,released DTI,Hybrid-SORT TARGET_REFERENCE_ABSENT at gate 0.50,0,rows,Step 9 B1_mot17_gate_summary.csv,CURRENT,
M17-Hybrid-SORT-ADM,MOT17,released DTI,Hybrid-SORT SEMANTICALLY_ADMITTED at gate 0.50,1541,rows,Step 9 B1_mot17_gate_summary.csv,CURRENT,
M17-Hybrid-SORT-NA,MOT17,released DTI,Hybrid-SORT non-admitted at gate 0.50,1482,rows,Step 9 B1_mot17_gate_summary.csv,CURRENT,
M17-Hybrid-SORT-NAPCT,MOT17,released DTI,Hybrid-SORT non-admitted fraction at gate 0.50,49.0241,percent,Step 9 B1_mot17_gate_summary.csv,CURRENT,
M17-Hybrid-SORT-GS,MOT17,released DTI,Hybrid-SORT gate-stable non-admitted,1327,rows,Step 9 C3_gate_stability_summary.csv,CURRENT,
M17-Hybrid-SORT-GSPCT,MOT17,released DTI,Hybrid-SORT gate-stable non-admitted fraction,43.8968,percent,Step 9 C3_gate_stability_summary.csv,CURRENT,
M17-NA-RANGE,MOT17,released DTI,primary-gate non-admission range,28.92 to 49.02,percent,Step 9 B1,CURRENT,
M17-GS-RANGE,MOT17,released DTI,gate-stable non-admission range,23.45 to 43.90,percent,Step 9 C3,CURRENT,
M17-ABS-ALL,MOT17,released DTI,"TARGET_REFERENCE_ABSENT, every deployment, every gate",0,rows,Step 9 B1 and C3,CURRENT,
M17-DELTAS,MOT17,released DTI,metric deltas positive/zero/negative,25/0/0,cells,Step 9 D1_bootstrap_summary.json point_estimates,CURRENT,
M17-CELLS,MOT17,released DTI,exhaustive pairwise metric cells,50,cells,Step 9 D1_bootstrap_10000.csv,CURRENT,
M17-CROSS,MOT17,released DTI,cells crossing zero,5,cells,Step 9 D1_bootstrap_summary.json,CURRENT,
M17-CROSS-3DP,MOT17,released DTI,crossings surviving 3-decimal reporting,5,cells,FINAL_unified_pairwise_margins.csv,CURRENT,
M17-CROSS-2DP,MOT17,released DTI,crossings surviving 2-decimal reporting,5,cells,FINAL_unified_pairwise_margins.csv,CURRENT,
M17-CI-R0,MOT17,released DTI,percentile intervals excluding zero at R0,33/50,cells,Step 9 D1_bootstrap_summary.json,CURRENT,
M17-CI-R2,MOT17,released DTI,percentile intervals excluding zero at R2,28/50,cells,Step 9 D1_bootstrap_summary.json,CURRENT,
M17-CI-D,MOT17,released DTI,percentile intervals excluding zero for delta margin,32/50,cells,Step 9 D1_bootstrap_summary.json,CURRENT,
M17-SEQ,MOT17,released DTI,sequences,7,sequences,v5 main Sec. 4.3,CURRENT,
M17-FRAMES,MOT17,released DTI,frames,2652,frames,v5 main Sec. 4.3,CURRENT,
M17-SYNTH-TOTAL,MOT17,released DTI,"synthesized rows, all five deployments",12767,rows,Step 9 A3_primary_replay_rows.csv,CURRENT,
M17-REPLAY,MOT17,released DTI,frozen sequence-by-class cells reproduced,"105/105 MOT17, 130/130 including MOT20",cells,Step 9.1 STEP9_REPORT_CORRECTIONS.md,CURRENT,supersedes the per-row phrasing
M17-GTGAP,MOT17,reference population,GT tracks with an interior gap,0 of 339,tracks,final_defense_20261004 report Part II,CURRENT,
M20-CELLS,MOT20,eligibility census,configurations pre-specified,7,configurations,v5 supplement Sec. S7,CURRENT,
M20-ELIG,MOT20,eligibility census,eligible,1,configurations,v5 supplement Sec. S7,CURRENT,
M20-OVERLAP,MOT20,eligibility census,clause (i) detector-training overlap,5,configurations,v5 supplement Sec. S7,CURRENT,
M20-UNRES,MOT20,eligibility census,unresolved under clause (ii),1,configurations,v5 supplement Sec. S7,CURRENT,
M20-FRAMES,MOT20,released DTI,frames,4463,frames,v5 supplement Sec. S8,CURRENT,
M20-SYNTH,MOT20,released DTI,synthesized rows,34814,rows,Step 9 B2_mot20_gate_summary.csv,CURRENT,
M20-NA,MOT20,released DTI,non-admitted at gate 0.50,8751,rows,Step 9 B2,CURRENT,
M20-NAPCT,MOT20,released DTI,non-admitted fraction at gate 0.50,25.1364,percent,Step 9 B2,CURRENT,
M20-GS,MOT20,released DTI,gate-stable non-admitted,6631,rows,Step 9 C3,CURRENT,D1B omitted this; D1B.1 restored it
M20-GSPCT,MOT20,released DTI,gate-stable non-admitted fraction,19.0469,percent,Step 9 C3,CURRENT,artifact prints 19.0469; the exact ratio 6631/34814 is 19.0469351%
M20-ABS,MOT20,released DTI,"TARGET_REFERENCE_ABSENT, every gate",0,rows,Step 9 B2 and C3,CURRENT,
M20-GATE-0.30,MOT20,released DTI,non-admitted at gate 0.30,6768,rows,Step 9 B2,CURRENT,
M20-GATEPCT-0.30,MOT20,released DTI,non-admitted fraction at gate 0.30,19.4405,percent,Step 9 B2,CURRENT,
M20-GATE-0.40,MOT20,released DTI,non-admitted at gate 0.40,7612,rows,Step 9 B2,CURRENT,
M20-GATEPCT-0.40,MOT20,released DTI,non-admitted fraction at gate 0.40,21.8648,percent,Step 9 B2,CURRENT,
M20-GATE-0.50,MOT20,released DTI,non-admitted at gate 0.50,8751,rows,Step 9 B2,CURRENT,
M20-GATEPCT-0.50,MOT20,released DTI,non-admitted fraction at gate 0.50,25.1364,percent,Step 9 B2,CURRENT,
M20-GATE-0.60,MOT20,released DTI,non-admitted at gate 0.60,11793,rows,Step 9 B2,CURRENT,
M20-GATEPCT-0.60,MOT20,released DTI,non-admitted fraction at gate 0.60,33.8743,percent,Step 9 B2,CURRENT,
M20-GATE-0.70,MOT20,released DTI,non-admitted at gate 0.70,18891,rows,Step 9 B2,CURRENT,
M20-GATEPCT-0.70,MOT20,released DTI,non-admitted fraction at gate 0.70,54.2627,percent,Step 9 B2,CURRENT,
DT-SEQ,DanceTrack,population,sequences,25,sequences,D1B protocol lock Sec. 6,CURRENT,
DT-FRAMES,DanceTrack,population,frames,25508,frames,D1B protocol lock Sec. 6,CURRENT,
DT-GTROWS,DanceTrack,population,scoreable GT rows,225148,rows,D1B protocol lock Sec. 6,CURRENT,
DT-GTTRACKS,DanceTrack,population,GT tracks,273,tracks,final_defense_20261004 Part II,CURRENT,
DT-GTGAPPED,DanceTrack,population,GT tracks with an interior gap,"209 of 273, 76.6 %",tracks,final_defense_20261004 Part II,CURRENT,
DT-GTGAPS,DanceTrack,population,interior GT gaps,1370,gaps,final_defense_20261004 Part II,CURRENT,matches Frag=1370 from the D1A evaluator sanity test
DT-GTSLOTS,DanceTrack,population,missing GT frame-slots,15326,slots,final_defense_20261004 Part II,CURRENT,
DTI-ByteTrack-R0,DanceTrack,controlled DTI,ByteTrack R0 rows,216310,rows,D1B D1B_state_inventory.csv,CURRENT,
DTI-ByteTrack-R2,DanceTrack,controlled DTI,ByteTrack R2 primary rows,224821,rows,D1B D1B_state_inventory.csv,CURRENT,
DTI-ByteTrack-INS,DanceTrack,controlled DTI,ByteTrack inserted rows,8511,rows,D1B D1B_state_inventory.csv,CURRENT,
DTI-ByteTrack-INSPCT,DanceTrack,controlled DTI,ByteTrack inserted fraction of R2,3.786,percent,D1B D1B_state_inventory.csv,CURRENT,
DTI-ByteTrack-UNM,DanceTrack,controlled DTI,ByteTrack ANCHOR_UNMATCHED at gate 0.50,3659,rows,D1B D1B_stv_primary.csv,CURRENT,
DTI-ByteTrack-IDM,DanceTrack,controlled DTI,ByteTrack ANCHOR_ID_MISMATCH at gate 0.50,1642,rows,D1B D1B_stv_primary.csv,CURRENT,
DTI-ByteTrack-ABS,DanceTrack,controlled DTI,ByteTrack TARGET_REFERENCE_ABSENT at gate 0.50,526,rows,D1B D1B_stv_primary.csv,CURRENT,
DTI-ByteTrack-ADM,DanceTrack,controlled DTI,ByteTrack SEMANTICALLY_ADMITTED at gate 0.50,2684,rows,D1B D1B_stv_primary.csv,CURRENT,
DTI-ByteTrack-NA,DanceTrack,controlled DTI,ByteTrack non-admitted at gate 0.50,5827,rows,D1B D1B_stv_primary.csv,CURRENT,
DTI-ByteTrack-NAPCT,DanceTrack,controlled DTI,ByteTrack non-admitted fraction at gate 0.50,68.46,percent,D1B D1B_stv_primary.csv,CURRENT,
DTI-ByteTrack-GS,DanceTrack,controlled DTI,ByteTrack gate-stable non-admitted,5330,rows,D1B D1B_gate_persistence_summary.csv,CURRENT,
DTI-ByteTrack-GSPCT,DanceTrack,controlled DTI,ByteTrack gate-stable non-admitted fraction,62.62,percent,D1B D1B_gate_persistence_summary.csv,CURRENT,
DTI-OC-SORT-R0,DanceTrack,controlled DTI,OC-SORT R0 rows,202787,rows,D1B D1B_state_inventory.csv,CURRENT,
DTI-OC-SORT-R2,DanceTrack,controlled DTI,OC-SORT R2 primary rows,217890,rows,D1B D1B_state_inventory.csv,CURRENT,
DTI-OC-SORT-INS,DanceTrack,controlled DTI,OC-SORT inserted rows,15103,rows,D1B D1B_state_inventory.csv,CURRENT,
DTI-OC-SORT-INSPCT,DanceTrack,controlled DTI,OC-SORT inserted fraction of R2,6.931,percent,D1B D1B_state_inventory.csv,CURRENT,
DTI-OC-SORT-UNM,DanceTrack,controlled DTI,OC-SORT ANCHOR_UNMATCHED at gate 0.50,2338,rows,D1B D1B_stv_primary.csv,CURRENT,
DTI-OC-SORT-IDM,DanceTrack,controlled DTI,OC-SORT ANCHOR_ID_MISMATCH at gate 0.50,3817,rows,D1B D1B_stv_primary.csv,CURRENT,
DTI-OC-SORT-ABS,DanceTrack,controlled DTI,OC-SORT TARGET_REFERENCE_ABSENT at gate 0.50,1007,rows,D1B D1B_stv_primary.csv,CURRENT,
DTI-OC-SORT-ADM,DanceTrack,controlled DTI,OC-SORT SEMANTICALLY_ADMITTED at gate 0.50,7941,rows,D1B D1B_stv_primary.csv,CURRENT,
DTI-OC-SORT-NA,DanceTrack,controlled DTI,OC-SORT non-admitted at gate 0.50,7162,rows,D1B D1B_stv_primary.csv,CURRENT,
DTI-OC-SORT-NAPCT,DanceTrack,controlled DTI,OC-SORT non-admitted fraction at gate 0.50,47.42,percent,D1B D1B_stv_primary.csv,CURRENT,
DTI-OC-SORT-GS,DanceTrack,controlled DTI,OC-SORT gate-stable non-admitted,6547,rows,D1B D1B_gate_persistence_summary.csv,CURRENT,
DTI-OC-SORT-GSPCT,DanceTrack,controlled DTI,OC-SORT gate-stable non-admitted fraction,43.35,percent,D1B D1B_gate_persistence_summary.csv,CURRENT,
DTI-Deep-OC-SORT-R0,DanceTrack,controlled DTI,Deep-OC-SORT R0 rows,203149,rows,D1B D1B_state_inventory.csv,CURRENT,
DTI-Deep-OC-SORT-R2,DanceTrack,controlled DTI,Deep-OC-SORT R2 primary rows,217171,rows,D1B D1B_state_inventory.csv,CURRENT,
DTI-Deep-OC-SORT-INS,DanceTrack,controlled DTI,Deep-OC-SORT inserted rows,14022,rows,D1B D1B_state_inventory.csv,CURRENT,
DTI-Deep-OC-SORT-INSPCT,DanceTrack,controlled DTI,Deep-OC-SORT inserted fraction of R2,6.457,percent,D1B D1B_state_inventory.csv,CURRENT,
DTI-Deep-OC-SORT-UNM,DanceTrack,controlled DTI,Deep-OC-SORT ANCHOR_UNMATCHED at gate 0.50,2015,rows,D1B D1B_stv_primary.csv,CURRENT,
DTI-Deep-OC-SORT-IDM,DanceTrack,controlled DTI,Deep-OC-SORT ANCHOR_ID_MISMATCH at gate 0.50,2790,rows,D1B D1B_stv_primary.csv,CURRENT,
DTI-Deep-OC-SORT-ABS,DanceTrack,controlled DTI,Deep-OC-SORT TARGET_REFERENCE_ABSENT at gate 0.50,1089,rows,D1B D1B_stv_primary.csv,CURRENT,
DTI-Deep-OC-SORT-ADM,DanceTrack,controlled DTI,Deep-OC-SORT SEMANTICALLY_ADMITTED at gate 0.50,8128,rows,D1B D1B_stv_primary.csv,CURRENT,
DTI-Deep-OC-SORT-NA,DanceTrack,controlled DTI,Deep-OC-SORT non-admitted at gate 0.50,5894,rows,D1B D1B_stv_primary.csv,CURRENT,
DTI-Deep-OC-SORT-NAPCT,DanceTrack,controlled DTI,Deep-OC-SORT non-admitted fraction at gate 0.50,42.03,percent,D1B D1B_stv_primary.csv,CURRENT,
DTI-Deep-OC-SORT-GS,DanceTrack,controlled DTI,Deep-OC-SORT gate-stable non-admitted,5335,rows,D1B D1B_gate_persistence_summary.csv,CURRENT,
DTI-Deep-OC-SORT-GSPCT,DanceTrack,controlled DTI,Deep-OC-SORT gate-stable non-admitted fraction,38.05,percent,D1B D1B_gate_persistence_summary.csv,CURRENT,
DTI-Hybrid-SORT-R0,DanceTrack,controlled DTI,Hybrid-SORT R0 rows,215393,rows,D1B D1B_state_inventory.csv,CURRENT,
DTI-Hybrid-SORT-R2,DanceTrack,controlled DTI,Hybrid-SORT R2 primary rows,227851,rows,D1B D1B_state_inventory.csv,CURRENT,
DTI-Hybrid-SORT-INS,DanceTrack,controlled DTI,Hybrid-SORT inserted rows,12458,rows,D1B D1B_state_inventory.csv,CURRENT,
DTI-Hybrid-SORT-INSPCT,DanceTrack,controlled DTI,Hybrid-SORT inserted fraction of R2,5.468,percent,D1B D1B_state_inventory.csv,CURRENT,
DTI-Hybrid-SORT-UNM,DanceTrack,controlled DTI,Hybrid-SORT ANCHOR_UNMATCHED at gate 0.50,5206,rows,D1B D1B_stv_primary.csv,CURRENT,
DTI-Hybrid-SORT-IDM,DanceTrack,controlled DTI,Hybrid-SORT ANCHOR_ID_MISMATCH at gate 0.50,1941,rows,D1B D1B_stv_primary.csv,CURRENT,
DTI-Hybrid-SORT-ABS,DanceTrack,controlled DTI,Hybrid-SORT TARGET_REFERENCE_ABSENT at gate 0.50,829,rows,D1B D1B_stv_primary.csv,CURRENT,
DTI-Hybrid-SORT-ADM,DanceTrack,controlled DTI,Hybrid-SORT SEMANTICALLY_ADMITTED at gate 0.50,4482,rows,D1B D1B_stv_primary.csv,CURRENT,
DTI-Hybrid-SORT-NA,DanceTrack,controlled DTI,Hybrid-SORT non-admitted at gate 0.50,7976,rows,D1B D1B_stv_primary.csv,CURRENT,
DTI-Hybrid-SORT-NAPCT,DanceTrack,controlled DTI,Hybrid-SORT non-admitted fraction at gate 0.50,64.02,percent,D1B D1B_stv_primary.csv,CURRENT,
DTI-Hybrid-SORT-GS,DanceTrack,controlled DTI,Hybrid-SORT gate-stable non-admitted,7139,rows,D1B D1B_gate_persistence_summary.csv,CURRENT,
DTI-Hybrid-SORT-GSPCT,DanceTrack,controlled DTI,Hybrid-SORT gate-stable non-admitted fraction,57.30,percent,D1B D1B_gate_persistence_summary.csv,CURRENT,
DTI-NMIN,DanceTrack,controlled DTI,primary n_min,25,frames,D1B protocol lock Sec. 8,CURRENT,
DTI-NDTI,DanceTrack,controlled DTI,primary n_dti,20,frames,D1B protocol lock Sec. 8,CURRENT,
DTI-NMIN-S,DanceTrack,controlled DTI,sensitivity n_min,30,frames,D1B protocol lock Sec. 8,CURRENT,
DTI-NA-RANGE,DanceTrack,controlled DTI,primary-gate non-admission range,42.03 to 68.46,percent,D1B D1B_stv_primary.csv,CURRENT,
DTI-GS-RANGE,DanceTrack,controlled DTI,gate-stable non-admission range,38.05 to 62.62,percent,D1B D1B_gate_persistence_summary.csv,CURRENT,
DTI-INS-RANGE,DanceTrack,controlled DTI,inserted fraction range,3.79 to 6.93,percent,D1B D1B_state_inventory.csv,CURRENT,
DTI-DELTAS,DanceTrack,controlled DTI,metric deltas positive/zero/negative,12/0/8,cells,D1B D1B_metric_deltas_primary.csv,CURRENT,
DTI-CELLS,DanceTrack,controlled DTI,exhaustive pairwise metric cells,30,cells,D1B D1B_pairwise_30cells.csv,CURRENT,
DTI-CROSS,DanceTrack,controlled DTI,cells crossing zero,7,cells,D1B.1 D1B1_pairwise_30cells_recomputed.csv,CURRENT,
DTI-CROSS-3DP,DanceTrack,controlled DTI,crossings surviving 3-decimal reporting,7,cells,D1B.1 D1B1_flip_precision_audit.csv,CURRENT,
DTI-CROSS-2DP,DanceTrack,controlled DTI,crossings surviving 2-decimal reporting,7,cells,D1B.1 D1B1_flip_precision_audit.csv,CURRENT,
DTI-PSIGN-RANGE,DanceTrack,controlled DTI,P(sign differs) across the seven crossings,0.3240 to 0.9365,frequency,D1B.1 D1B1_flip_precision_audit.csv,CURRENT,"descriptive, not a p-value"
DTI-SENS-NA,DanceTrack,controlled DTI,"largest non-admission difference, 25/20 against 30/20",0.42,percentage points,D1B D1B_stv_sens30_primary_gate.csv,CURRENT,
DTI-SENS-MET,DanceTrack,controlled DTI,"largest metric difference, 25/20 against 30/20",0.0422,metric points,D1B D1B_dti_parameter_sensitivity.csv,CURRENT,
DTI-3T-CELLS,DanceTrack,controlled DTI,three-tracker provenance-sensitivity cells,15,cells,FINAL_three_tracker_provenance_sensitivity.csv,CURRENT,
DTI-3T-CROSS,DanceTrack,controlled DTI,three-tracker cells crossing zero,3,cells,FINAL_three_tracker_provenance_sensitivity.csv,CURRENT,
DT-ABS-TOTAL,DanceTrack,controlled DTI,"TARGET_REFERENCE_ABSENT rows at gate 0.50, all four",3451,rows,D1B.2 D1B2_reference_absent_local_support.csv,CURRENT,
DT-ABS-ALLGATES,DanceTrack,controlled DTI,"TARGET_REFERENCE_ABSENT rows, all four trackers, all five gates",16019,rows,D1B.1 D1B1_reference_absent_audit.json,CURRENT,
DT-ABS-INGAP,DanceTrack,controlled DTI,"of those, inside a verified internal GT gap",16019 of 16019,rows,D1B.1 D1B1_reference_absent_audit.json,CURRENT,
DT-ABS-ADJ,DanceTrack,controlled DTI,identity annotated at an adjacent frame,9047,rows,D1B.1 D1B1_reference_absent_audit.json,CURRENT,
DT-ABS-AGREE,DanceTrack,controlled DTI,independent predicate agreements with the frozen classifier,250470 of 250470,decisions,D1B.1 D1B1_reference_absent_audit.json,CURRENT,
DT-ABS-OTHERGT,DanceTrack,row-local support,REFERENCE_ABSENT rows with another GT identity overlapping,3448 of 3451,rows,D1B.2 D1B2_reference_absent_local_support.csv,CURRENT,
DT-ABS-INTENDED,DanceTrack,row-local support,REFERENCE_ABSENT rows with the intended identity present,0 of 3451,rows,D1B.2,CURRENT,
DT-RL-ADM-RANGE,DanceTrack,row-local support,ADMITTED rows at maxIoU >= 0.5,97.392 to 98.2151,percent,D1B.2 D1B2_row_local_support.csv,CURRENT,
DT-RL-NA-RANGE,DanceTrack,row-local support,non-admitted rows at maxIoU >= 0.5,62.0388 to 73.5409,percent,D1B.2 D1B2_row_local_support.csv,CURRENT,
DT-RL-ADM-BELOW,DanceTrack,row-local support,ADMITTED rows below maxIoU 0.5,1.7849 to 2.6080,percent,D1B.2 D1B2_row_local_support.csv,CURRENT,
GSI-ByteTrack-ROWS,DanceTrack,controlled GSI,ByteTrack GSI rows,225199,rows,D2B D2B_state_inventory.csv,CURRENT,
GSI-ByteTrack-INS,DanceTrack,controlled GSI,ByteTrack inserted rows,8889,rows,D2B D2B_state_inventory.csv,CURRENT,
GSI-ByteTrack-RW,DanceTrack,controlled GSI,ByteTrack surviving rows with coordinate rewrites,127411,rows,D2B D2B_state_inventory.csv,CURRENT,
GSI-ByteTrack-RWPCT,DanceTrack,controlled GSI,ByteTrack coordinate-rewrite fraction,58.902,percent,D2B D2B_state_inventory.csv,CURRENT,
GSI-ByteTrack-GPRW,DanceTrack,controlled GSI,ByteTrack L_GSI to GSI coordinate rewrites,134528,rows,D2C D2C_gsi_linear_state_inventory.csv,CURRENT,
GSI-ByteTrack-GPRWPCT,DanceTrack,controlled GSI,ByteTrack L_GSI to GSI rewrite fraction,59.7374,percent,D2C D2C_gsi_linear_state_inventory.csv,CURRENT,
GSI-OC-SORT-ROWS,DanceTrack,controlled GSI,OC-SORT GSI rows,218591,rows,D2B D2B_state_inventory.csv,CURRENT,
GSI-OC-SORT-INS,DanceTrack,controlled GSI,OC-SORT inserted rows,15804,rows,D2B D2B_state_inventory.csv,CURRENT,
GSI-OC-SORT-RW,DanceTrack,controlled GSI,OC-SORT surviving rows with coordinate rewrites,136814,rows,D2B D2B_state_inventory.csv,CURRENT,
GSI-OC-SORT-RWPCT,DanceTrack,controlled GSI,OC-SORT coordinate-rewrite fraction,67.4668,percent,D2B D2B_state_inventory.csv,CURRENT,
GSI-OC-SORT-GPRW,DanceTrack,controlled GSI,OC-SORT L_GSI to GSI coordinate rewrites,150335,rows,D2C D2C_gsi_linear_state_inventory.csv,CURRENT,
GSI-OC-SORT-GPRWPCT,DanceTrack,controlled GSI,OC-SORT L_GSI to GSI rewrite fraction,68.7746,percent,D2C D2C_gsi_linear_state_inventory.csv,CURRENT,
GSI-Deep-OC-SORT-ROWS,DanceTrack,controlled GSI,Deep-OC-SORT GSI rows,218075,rows,D2B D2B_state_inventory.csv,CURRENT,
GSI-Deep-OC-SORT-INS,DanceTrack,controlled GSI,Deep-OC-SORT inserted rows,14926,rows,D2B D2B_state_inventory.csv,CURRENT,
GSI-Deep-OC-SORT-RW,DanceTrack,controlled GSI,Deep-OC-SORT surviving rows with coordinate rewrites,123954,rows,D2B D2B_state_inventory.csv,CURRENT,
GSI-Deep-OC-SORT-RWPCT,DanceTrack,controlled GSI,Deep-OC-SORT coordinate-rewrite fraction,61.0163,percent,D2B D2B_state_inventory.csv,CURRENT,
GSI-Deep-OC-SORT-GPRW,DanceTrack,controlled GSI,Deep-OC-SORT L_GSI to GSI coordinate rewrites,136145,rows,D2C D2C_gsi_linear_state_inventory.csv,CURRENT,
GSI-Deep-OC-SORT-GPRWPCT,DanceTrack,controlled GSI,Deep-OC-SORT L_GSI to GSI rewrite fraction,62.4304,percent,D2C D2C_gsi_linear_state_inventory.csv,CURRENT,
GSI-Hybrid-SORT-ROWS,DanceTrack,controlled GSI,Hybrid-SORT GSI rows,228696,rows,D2B D2B_state_inventory.csv,CURRENT,
GSI-Hybrid-SORT-INS,DanceTrack,controlled GSI,Hybrid-SORT inserted rows,13303,rows,D2B D2B_state_inventory.csv,CURRENT,
GSI-Hybrid-SORT-RW,DanceTrack,controlled GSI,Hybrid-SORT surviving rows with coordinate rewrites,122427,rows,D2B D2B_state_inventory.csv,CURRENT,
GSI-Hybrid-SORT-RWPCT,DanceTrack,controlled GSI,Hybrid-SORT coordinate-rewrite fraction,56.8389,percent,D2B D2B_state_inventory.csv,CURRENT,
GSI-Hybrid-SORT-GPRW,DanceTrack,controlled GSI,Hybrid-SORT L_GSI to GSI coordinate rewrites,133187,rows,D2C D2C_gsi_linear_state_inventory.csv,CURRENT,
GSI-Hybrid-SORT-GPRWPCT,DanceTrack,controlled GSI,Hybrid-SORT L_GSI to GSI rewrite fraction,58.2376,percent,D2C D2C_gsi_linear_state_inventory.csv,CURRENT,
GSI-INTERVAL,DanceTrack,controlled GSI,interval,20,frames,D2A GSI_PROTOCOL_LOCK.md Sec. 4,CURRENT,
GSI-TAU,DanceTrack,controlled GSI,tau,10,unitless,D2A GSI_PROTOCOL_LOCK.md Sec. 4,CURRENT,
GSI-DEL,DanceTrack,controlled GSI,"deleted rows, all four",0,rows,D2B D2B_state_inventory.csv,CURRENT,
GSI-IDCHG,DanceTrack,controlled GSI,"tracker-id changes, all four",0,rows,D2B D2B_state_inventory.csv,CURRENT,
GSI-RW-RANGE,DanceTrack,controlled GSI,coordinate-rewrite fraction range,56.8389 to 67.4668,percent,D2B D2B_state_inventory.csv,CURRENT,
GSI-DELTAS,DanceTrack,controlled GSI,metric deltas positive/zero/negative,12/0/8,cells,D2B D2B_metric_deltas.csv,CURRENT,
GSI-CROSS,DanceTrack,controlled GSI,cells crossing zero,7,cells,D2B D2B_pairwise_30cells.csv,CURRENT,
GSI-CROSS-3DP,DanceTrack,controlled GSI,crossings surviving 3-decimal reporting,7,cells,D2B D2B_pairwise_30cells.csv,CURRENT,
GSI-CROSS-2DP,DanceTrack,controlled GSI,crossings surviving 2-decimal reporting,7,cells,D2B D2B_pairwise_30cells.csv,CURRENT,
GSI-3T-CROSS,DanceTrack,controlled GSI,three-tracker cells crossing zero,3,cells,FINAL_three_tracker_provenance_sensitivity.csv,CURRENT,
D2C-LIN-RW,DanceTrack,GSI decomposition,"R0 to L_GSI coordinate rewrites, all four",0,rows,D2C D2C_gsi_linear_state_inventory.csv,CURRENT,
D2C-LIN-CROSS,DanceTrack,GSI decomposition,R0 to L_GSI cells crossing zero,7,cells,D2C D2C_three_state_pairwise_margins.csv,CURRENT,
D2C-GP-CROSS,DanceTrack,GSI decomposition,L_GSI to GSI cells crossing zero,0,cells,D2C D2C_three_state_pairwise_margins.csv,CURRENT,
D2C-TOT-CROSS,DanceTrack,GSI decomposition,R0 to GSI cells crossing zero,7,cells,D2C D2C_three_state_pairwise_margins.csv,CURRENT,
D2C-GP-SHARE,DanceTrack,GSI decomposition,"GP share of total absolute metric movement, median",0.1812,fraction,D2C D2C_three_state_metrics.csv,CURRENT,
D2C-GP-SHARE-RANGE,DanceTrack,GSI decomposition,GP share range,0.0421 to 0.8722,fraction,D2C D2C_three_state_metrics.csv,CURRENT,
D2C-GP-OPPOSE,DanceTrack,GSI decomposition,cells where the GP delta opposes the linear delta,8 of 20,cells,D2C D2C_three_state_metrics.csv,CURRENT,
GPR-G0,MOT17,GPR boundary case,G0 rows,45927,rows,FINAL_gpr_rewrite_recount.csv,CURRENT,
GPR-G2,MOT17,GPR boundary case,G2 rows,45927,rows,FINAL_gpr_rewrite_recount.csv,CURRENT,
GPR-INS,MOT17,GPR boundary case,insertions,0,rows,FINAL_gpr_rewrite_recount.csv,CURRENT,
GPR-DEL,MOT17,GPR boundary case,deletions,0,rows,FINAL_gpr_rewrite_recount.csv,CURRENT,
GPR-RW-TOL,MOT17,GPR boundary case,rows changed by more than 1e-6 px,52,rows,FINAL_gpr_rewrite_recount.csv,CURRENT,the manuscript value; state the tolerance
GPR-RW-EXACT,MOT17,GPR boundary case,rows differing at exact float equality,2622,rows,FINAL_gpr_rewrite_recount.csv,CURRENT,
GPR-RW-SCALARS,MOT17,GPR boundary case,changed coordinate scalars at exact equality,5244,scalars,FINAL_gpr_rewrite_recount.csv,CURRENT,
GPR-RW-WH,MOT17,GPR boundary case,rows with w or h changed,0,rows,FINAL_gpr_rewrite_recount.csv,CURRENT,
GPR-RW-MAX,MOT17,GPR boundary case,largest coordinate change,1.7e-05,pixels,FINAL_gpr_rewrite_recount.csv,CURRENT,
GPR-RW-MED,MOT17,GPR boundary case,median coordinate change,3.69e-09,pixels,FINAL_gpr_rewrite_recount.csv,CURRENT,
GPR-RW-GT1E3,MOT17,GPR boundary case,rows changed by more than 0.001 px,0,rows,FINAL_gpr_rewrite_recount.csv,CURRENT,
GPR-METRIC,MOT17,GPR boundary case,change in all five reported metrics,0.0000,metric points,FINAL_gpr_rewrite_recount.csv,CURRENT,to four decimals
GPR-DETAILED,MOT17,GPR boundary case,differing fields in the full-precision detailed output,197,fields,FINAL_gpr_rewrite_recount.csv,CURRENT,all LocA family
GPR-212,MOT17,GPR boundary case,superseded rewrite count,212,rows,FINAL_gpr_rewrite_recount.csv,SUPERSEDED,2-decimal rounding-boundary artifact; do not cite
SS-PRE,MOT17,AFLink and GSI,PRE rows,46914,rows,frozen strongsort/DECOMPOSITION.json,CURRENT,
SS-S0,MOT17,AFLink and GSI,"S0 rows, post-AFLink",46913,rows,frozen strongsort/DECOMPOSITION.json,CURRENT,
SS-S2,MOT17,AFLink and GSI,"S2 rows, post-GSI",50097,rows,frozen strongsort/DECOMPOSITION.json,CURRENT,
SS-IDCHG,MOT17,AFLink and GSI,rows whose identity AFLink changed,1316,rows,frozen strongsort/DECOMPOSITION.json,CURRENT,
SS-REMAP,MOT17,AFLink and GSI,distinct AFLink identity remappings,29,remappings,frozen strongsort/DECOMPOSITION.json,CURRENT,
SS-ADD,MOT17,AFLink and GSI,rows added by the linear stage,3184,rows,frozen strongsort/DECOMPOSITION.json,CURRENT,
SS-RW,MOT17,AFLink and GSI,surviving rows with rewritten coordinates,46866,rows,frozen strongsort/DECOMPOSITION.json,CURRENT,
SS-RWPCT,MOT17,AFLink and GSI,rewrite fraction,99.8998,percent,frozen strongsort/DECOMPOSITION.json,CURRENT,
SS-DHOTA,MOT17,AFLink and GSI,GSI stage HOTA delta,+1.220,metric points,frozen StrongSORT_S0/S2 pedestrian_summary.txt,CURRENT,
SS-DDetA,MOT17,AFLink and GSI,GSI stage DetA delta,+1.278,metric points,frozen StrongSORT_S0/S2 pedestrian_summary.txt,CURRENT,
SS-DAssA,MOT17,AFLink and GSI,GSI stage AssA delta,+1.211,metric points,frozen StrongSORT_S0/S2 pedestrian_summary.txt,CURRENT,
SS-DIDF1,MOT17,AFLink and GSI,GSI stage IDF1 delta,+0.830,metric points,frozen StrongSORT_S0/S2 pedestrian_summary.txt,CURRENT,
SS-DMOTA,MOT17,AFLink and GSI,GSI stage MOTA delta,+1.561,metric points,frozen StrongSORT_S0/S2 pedestrian_summary.txt,CURRENT,
BS-DRAWS,both,bootstrap,draws,10000,draws,Step 9 and D1B bootstrap summaries,CURRENT,
BS-SEED,both,bootstrap,seed,20261003,integer,Step 9 and D1B bootstrap summaries,CURRENT,
BS-M17-UNITS,MOT17,bootstrap,resampling units,7,sequence clusters,Step 9 D1_bootstrap_summary.json,CURRENT,
BS-DT-UNITS,DanceTrack,bootstrap,resampling units,25,sequence clusters,D1B D1B_bootstrap_summary.json,CURRENT,
BS-M17-HASH,MOT17,bootstrap,index matrix sha256,8cd16bcc23a47d1f4ce8bd5275ad8df660fa69411390b8ee7e365970e2db7cd2,sha256,Step 9 D1_bootstrap_indices.sha256,CURRENT,
BS-DT-HASH,DanceTrack,bootstrap,index matrix file sha256,50b2fb2240ffbdbc221d5a0f73681a4dfbec4ccc4f07a42f9cd01cc3c18516da,sha256,D1B bootstrap/D1B_bootstrap_indices.sha256,CURRENT,
SS-IDS-PRE,MOT17,AFLink and GSI,distinct identities in PRE,435,identities,frozen strongsort/DECOMPOSITION.json,CURRENT,
SS-IDS-S0,MOT17,AFLink and GSI,distinct identities in S0,406,identities,frozen strongsort/DECOMPOSITION.json,CURRENT,
SS-SHARED,MOT17,AFLink and GSI,rows shared between S0 and S2,46913,rows,frozen strongsort/DECOMPOSITION.json,CURRENT,
SS-DROP,MOT17,AFLink and GSI,rows dropped by GSI,0,rows,frozen strongsort/DECOMPOSITION.json,CURRENT,
M17-CROSS-MARGIN,MOT17,released DTI,|R0 margin| of the 5 crossing cells,0.5104 to 1.4567,metric points,FINAL_unified_pairwise_margins.csv,CURRENT,
M17-UNCH-MIN,MOT17,released DTI,smallest |R0 margin| among the 45 unchanged cells,0.1869,metric points,FINAL_unified_pairwise_margins.csv,CURRENT,
M17-UNCH-BELOW,MOT17,released DTI,unchanged cells at or below the largest crossing margin,17 of 45,cells,FINAL_unified_pairwise_margins.csv,CURRENT,
M17-CROSS-APPEAR,MOT17,released DTI,appearances in crossing cells,"Hybrid-SORT 4, Deep-OC-SORT 3, OC-SORT 2, BoT-SORT 1",appearances,FINAL_unified_pairwise_margins.csv,CURRENT,
M17-PSIGN-RANGE,MOT17,released DTI,P(sign differs) across the five crossings,0.3585 to 0.5859,frequency,FINAL_unified_pairwise_margins.csv,CURRENT,"descriptive, not a p-value"
DTI-CROSS-MARGIN,DanceTrack,controlled DTI,|R0 margin| of the 7 crossing cells,0.6581 to 2.2203,metric points,FINAL_unified_pairwise_margins.csv,CURRENT,
DTI-UNCH-MIN,DanceTrack,controlled DTI,smallest |R0 margin| among the 23 unchanged cells,0.2170,metric points,FINAL_unified_pairwise_margins.csv,CURRENT,
DTI-UNCH-BELOW,DanceTrack,controlled DTI,unchanged cells at or below the largest crossing margin,6 of 23,cells,FINAL_unified_pairwise_margins.csv,CURRENT,
DTI-CROSS-APPEAR,DanceTrack,controlled DTI,appearances in crossing cells,"Hybrid-SORT 5, Deep-OC-SORT 4, OC-SORT 3, ByteTrack 2",appearances,FINAL_unified_pairwise_margins.csv,CURRENT,ByteTrack has the highest non-admission and the fewest appearances
GSI-CROSS-APPEAR,DanceTrack,controlled GSI,appearances in crossing cells,"Hybrid-SORT 5, Deep-OC-SORT 4, OC-SORT 3, ByteTrack 2",appearances,FINAL_unified_pairwise_margins.csv,CURRENT,
GSI-PSIGN-RANGE,DanceTrack,controlled GSI,P(sign differs) across the seven crossings,0.3148 to 0.9365,frequency,FINAL_unified_pairwise_margins.csv,CURRENT,"descriptive, not a p-value"
XARM-CROSS-ID,DanceTrack,DTI against GSI,crossing cells shared between the two operator arms,"7 of 7, identical pair-and-metric identities",cells,FINAL_unified_pairwise_margins.csv,CURRENT,
DT-RL-NA-ZERO,DanceTrack,row-local support,non-admitted rows with maximum IoU exactly 0 against any scoreable GT,"3 to 18 per tracker, 0.0509 to 0.2257 %",rows,D1B.2 D1B2_row_local_support.csv,CURRENT,almost no non-admitted row is geometrically isolated
DT-RL-ADM-ZERO,DanceTrack,row-local support,admitted rows with maximum IoU exactly 0,0 for all four trackers,rows,D1B.2 D1B2_row_local_support.csv,CURRENT,
DT-ABS-BUCKETS,DanceTrack,row-local support,REFERENCE_ABSENT rows by maximum IoU: at or above the gate / between 0 and the gate / exactly 0,2054 / 1394 / 3,rows,D1B.2 D1B2_reference_absent_local_support.csv,CURRENT,the 3 zero-overlap rows are exactly the 3 with no other identity overlapping
DT-ABS-CLASS-GE,DanceTrack,row-local support,"TARGET_REFERENCE_ABSENT rows at maxIoU >= 0.5, per tracker",55.6474 to 67.4306,percent,D1B.2 D1B2_row_local_support.csv,CURRENT,
D2C-GP-MOVED,DanceTrack,GSI decomposition,metric cells with a non-zero GP delta,20 of 20,cells,D2C D2C_three_state_metrics.csv,CURRENT,
DT-PERSIST-NESTING,DanceTrack,controlled DTI,Hybrid-SORT rows REFERENCE_ABSENT at gate 0.70 but not at every gate,1 of 484,rows,D1B_gate_persistence_rows.csv,CURRENT,dancetrack0094 frame 400 track_id 22; the classes are not nested across gates
M17-SYNTH-RANGE,MOT17,released DTI,"synthesized rows per deployment, range",2072 to 3023,rows,Step 9 B1_mot17_gate_summary.csv,CURRENT,"min ByteTrack, max Hybrid-SORT; confirmed independently from A3_primary_replay_rows.csv"
M17-ADM-RANGE,MOT17,released DTI,"SEMANTICALLY_ADMITTED rows per deployment, range",1224 to 2104,rows,Step 9 B1_mot17_gate_summary.csv,CURRENT,"min ByteTrack, max Deep-OC-SORT; a different quantity from the synthesized range"
M17-RANGE-ERROR,MOT17,released DTI,superseded added-row range,1224 to 3023,rows,17_INTRO_FACT_PACKET.md before 2026-10-04,SUPERSEDED,combined ByteTrack's admitted count with Hybrid-SORT's synthesized total; do not cite
DTI-INS-ROWS-RANGE,DanceTrack,controlled DTI,"inserted rows per tracker, range",8511 to 15103,rows,D1B D1B_state_inventory.csv,CURRENT,
