artifact,path_relative_to_project_root,sha256,kind,step,status,role_in_v6
v5 main manuscript,TPAMI_main_submission_v5.tex,628512b614c6fe32db1e2366dbb83fc677d79ca2b8c6193500c16e36519b2131,manuscript,v5,"FROZEN, DO NOT MODIFY",source of reusable prose and of the v5 claim set
v5 main PDF,TPAMI_main_submission_v5.pdf,5042473a6fdd16283e037bd1a06f6292dd6e85047b8b67f06465367a4c9431ef,manuscript,v5,"FROZEN, DO NOT MODIFY",rendered reference
v5 supplement,TPAMI_supplement_submission_v5.tex,aae6151e97398eef139583f016d86f281bfc614200a3b243e94e5949cf3a2cd0,manuscript,v5,"FROZEN, DO NOT MODIFY",source of the MOT20 eligibility census and the skeleton material
v5 supplement PDF,TPAMI_supplement_submission_v5.pdf,25150bd03993927a5f718ab881b51e3d1b79308cfe0489f761572f4f46e3aa46,manuscript,v5,"FROZEN, DO NOT MODIFY",rendered reference
Step 9 protocol lock,posthoc_composition_20261003/PROTOCOL_LOCK.md,d7e26ff602aa229c5a61d084cc2fe1540e0d3192099427b981c46ed4351a6e19,protocol,Step 9,FROZEN,MOT17 and MOT20 replay protocol
Step 9 manifest,posthoc_composition_20261003/MANIFEST.sha256,829bd398f2ac264f7d393c4219e291406554dabe7503007cc231cfd964148b77,manifest,Step 9,VERIFIED 45/45,integrity of the released-deployment arm
Step 9.1 manifest,posthoc_composition_20261003/step9_1/STEP9_1_MANIFEST.sha256,29bbafa712d2b75517f0890c18bcd84e8ef3b2a11ce62d3bd0e952ffbea4eae2,manifest,Step 9.1,VERIFIED 5/5,integrity of the Step 9 corrections
Step 9.1 corrections,posthoc_composition_20261003/step9_1/STEP9_REPORT_CORRECTIONS.md,367460ed35323de5f82602e1e439a02218fb25ceb0a9b943f7854d4e48853730,report,Step 9.1,CURRENT,corrects the per-row replay phrasing; authoritative over the Step 9 prose
Step 9.1 v5 claim map,posthoc_composition_20261003/step9_1/STEP9_V5_CLAIM_MAP.csv,c173084cacd99085b19ce47e4eaf94866871dc9ff01517e150868b4eb22d219b,table,Step 9.1,CURRENT,v5 claim to artifact mapping for the MOT17 and MOT20 arms
D1A manifest,dancetrack_controlled_20261003/D1A_MANIFEST.sha256,db1bf820f3b4952470269bb4c0536c1626eb057cd8998bae837b0e12271c2642,manifest,D1A,VERIFIED 77/77,"asset acquisition, hashes, evaluator verification, smoke tests"
DanceTrack protocol lock,dancetrack_controlled_20261003/protocol/DANCETRACK_CONTROLLED_PROTOCOL_LOCK.md,991a455fff6bd0ceffb879c50cee372822904c2d5fea07b1b4b131280d8514a9,protocol,D1A,"FROZEN, 368 lines, 19 sections",authoritative protocol for the controlled DTI arm
Track-id equivalence clarification,dancetrack_controlled_20261003/protocol/PROTOCOL_CLARIFICATION_01_TRACK_ID_EQUIVALENCE.md,b5e008fc8fc7dfc5f66d3252cb27c94f001d60bfcc42aed1dc22b5ef2d969feb,protocol,D1B,CURRENT,defines reproducibility up to bijective per-sequence relabelling and scopes STV invariance
Acceleration equivalence audit,dancetrack_controlled_20261003/protocol/D1B_ACCELERATION_EQUIVALENCE_AUDIT.md,6756481a3b46f8d926551229d43224f2f46b4645b8ebec58f31220e17234b83b,report,D1B,CURRENT,records why batching and detector caching were rejected
Common DTI operator,dancetrack_controlled_20261003/scripts/common_dti.py,e0f2289f7051225377455ac7033541c9dbb0113cff55b08be0b9b9e9a49315ea,code,D1A,FROZEN,the one operator applied to all four trackers; verbatim ByteTrack extraction
D1B manifest,dancetrack_controlled_20261003/D1B_MANIFEST.sha256,334979c51d3067b98ffd41b322277545d14edaa18465a9256d5eabb0ba14caef,manifest,D1B,VERIFIED 428/428,integrity of the controlled DTI arm
D1B.1 manifest,dancetrack_controlled_20261003/step_d1b_1/D1B1_MANIFEST.sha256,3e2638e7d3c2111f6c5c849ecd5e84d97932b44f8b2ae69539b5cc48f889f489,manifest,D1B.1,VERIFIED 29/29,integrity of the DanceTrack correction audit
D1B.1 report,dancetrack_controlled_20261003/step_d1b_1/D1B1_REPORT.md,364b509870998e904f77fb291a59b79fc7d91b3b44d2e22ecc94243501c01c38,report,D1B.1,CURRENT,"restores the MOT20 gate-stable figure, validates REFERENCE_ABSENT, recomputes the 7 crossings"
GSI protocol lock,dancetrack_controlled_20261003/gsi_protocol_20261004/GSI_PROTOCOL_LOCK.md,6ac1b00bd6ef37bfc5c5b7bc416c33ad46c4735d2f0c910cb9c42ea8f31484b8,protocol,D2A,FROZEN,authoritative protocol for the controlled GSI arm
GSI protocol manifest,dancetrack_controlled_20261003/gsi_protocol_20261004/GSI_PROTOCOL_MANIFEST.sha256,bd22822b7fe8846de45af553f6232cb1b92c89039520d25df75b3dd106b038fe,manifest,D2A,VERIFIED 20/20,integrity of the GSI protocol freeze
D2B manifest,dancetrack_controlled_20261003/gsi_exec_20261004/D2B_MANIFEST.sha256,6276bff16669a585fbf94cf6eb71b6f3139e1a6ed6fa251eb1d722a6770d9a2f,manifest,D2B,VERIFIED 285/285,integrity of the GSI execution
D2B report,dancetrack_controlled_20261003/gsi_exec_20261004/D2B_REPORT.md,91a848d04a647bcc3ce1471f56640dfd307aee4558ffac6b22674e24703313dd,report,D2B,"CURRENT, superseded in interpretation by D2C",GSI execution results
Final defence manifest,dancetrack_controlled_20261003/final_defense_20261004/FINAL_MANIFEST.sha256,c2fc4b5f7230744d858b3f08a1937976e2a3b2a3c9af168deeaf2e2be887b827,manifest,D2C and D1B.2,VERIFIED 241/241,integrity of the final experimental defence pass
Final defence report,dancetrack_controlled_20261003/final_defense_20261004/FINAL_EXPERIMENTAL_DEFENSE_REPORT.md,6ebfc8e8ed85b168aee549c6a4dd5d6020a16a3ed79d658055b0e8564248e61e,report,D2C and D1B.2,"CURRENT, post-correction","GSI stage decomposition, row-local support, unified margins"
GPR rewrite recount,dancetrack_controlled_20261003/final_defense_20261004/FINAL_gpr_rewrite_recount.csv,1653eea2b8405ea81c9e7c2a55b2ebfaa8f1a9474bc482d4d986f487a4263dd0,table,final correction audit,"CURRENT, authoritative",resolves 212 against 52; the 52-row figure stands
Evidence architecture,dancetrack_controlled_20261003/final_defense_20261004/FINAL_evidence_architecture.csv,8494510b3f2c3a0402c6911b24e49eef1b418eed2133408f91f4ecf626b7b4e7,table,D2C,CURRENT,basis for 06_EVIDENCE_ARCHITECTURE.csv
v6 claim guardrails,dancetrack_controlled_20261003/final_defense_20261004/FINAL_v6_claim_guardrails.csv,161288ff77288dbfc04225411a75e872e9acaeb7aed255ea06710c8943b6f5ff,table,D2C,CURRENT,basis for 04_FORBIDDEN_OR_OBSOLETE_CLAIMS.md
Unified pairwise margins,dancetrack_controlled_20261003/final_defense_20261004/FINAL_unified_pairwise_margins.csv,b50ef556328288a7645ddecfd23d326dd1de79a0453a730cc9d428951f5fc57c,table,D2C,CURRENT,one schema for all ordering cells across arms
Three-tracker sensitivity,dancetrack_controlled_20261003/final_defense_20261004/FINAL_three_tracker_provenance_sensitivity.csv,a8afe91c3bfb592d4b0bc1d8fe6d9df647549e6919f3eba8eb3d288882edae6a,table,D2C,CURRENT,checkpoint-provenance sensitivity subset
WSOL style reference,reference/WSOL_TPAMI_2023.pdf,7623cb9d8a83807cb2981f44171626a2498f32d9a425c4dd788d97689e82874b,style reference,Sec. 18,"STYLE ONLY, NOT A SCIENTIFIC SOURCE",human scientific-writing reference
