claim_key,n_statements,n_locations,locations,packet_values,authoritative_value,duplicate,status
DanceTrack DTI composition @0.50 :: ByteTrack/ANCHOR_ID_MISMATCH,2,2,02_CURRENT_FACTS.md:179 ; 20_RESULTS_DANCETRACK_DTI_FACT_PACKET.md:31,1642.0,1642.0,YES,AGREES
DanceTrack DTI composition @0.50 :: ByteTrack/ANCHOR_UNMATCHED,2,2,02_CURRENT_FACTS.md:179 ; 20_RESULTS_DANCETRACK_DTI_FACT_PACKET.md:31,3659.0,3659.0,YES,AGREES
DanceTrack DTI composition @0.50 :: ByteTrack/GATE_STABLE_NONADM,1,1,20_RESULTS_DANCETRACK_DTI_FACT_PACKET.md:31,5330.0,5330.0,NO,AGREES
DanceTrack DTI composition @0.50 :: ByteTrack/GATE_STABLE_PCT,1,1,20_RESULTS_DANCETRACK_DTI_FACT_PACKET.md:31,62.62,62.62483844436611,NO,AGREES
DanceTrack DTI composition @0.50 :: ByteTrack/INSERTED,1,1,20_RESULTS_DANCETRACK_DTI_FACT_PACKET.md:31,8511.0,8511.0,NO,AGREES
DanceTrack DTI composition @0.50 :: ByteTrack/INSERTED_PCT,1,1,20_RESULTS_DANCETRACK_DTI_FACT_PACKET.md:31,3.786,3.7856783841367134,NO,AGREES
DanceTrack DTI composition @0.50 :: ByteTrack/NON_ADMITTED,2,2,02_CURRENT_FACTS.md:179 ; 20_RESULTS_DANCETRACK_DTI_FACT_PACKET.md:31,5827.0,5827.0,YES,AGREES
DanceTrack DTI composition @0.50 :: ByteTrack/NON_ADMITTED_PCT,2,2,02_CURRENT_FACTS.md:179 ; 20_RESULTS_DANCETRACK_DTI_FACT_PACKET.md:31,68.46,68.46434026553871,YES,AGREES
DanceTrack DTI composition @0.50 :: ByteTrack/R0_ROWS,1,1,20_RESULTS_DANCETRACK_DTI_FACT_PACKET.md:31,216310.0,216310.0,NO,AGREES
DanceTrack DTI composition @0.50 :: ByteTrack/R2_ROWS,1,1,20_RESULTS_DANCETRACK_DTI_FACT_PACKET.md:31,224821.0,224821.0,NO,AGREES
DanceTrack DTI composition @0.50 :: ByteTrack/SEMANTICALLY_ADMITTED,2,2,02_CURRENT_FACTS.md:179 ; 20_RESULTS_DANCETRACK_DTI_FACT_PACKET.md:31,2684.0,2684.0,YES,AGREES
DanceTrack DTI composition @0.50 :: ByteTrack/SYNTHESIZED,1,1,02_CURRENT_FACTS.md:179,8511.0,8511.0,NO,AGREES
DanceTrack DTI composition @0.50 :: ByteTrack/TARGET_REFERENCE_ABSENT,2,2,02_CURRENT_FACTS.md:179 ; 20_RESULTS_DANCETRACK_DTI_FACT_PACKET.md:31,526.0,526.0,YES,AGREES
DanceTrack DTI composition @0.50 :: Deep-OC-SORT/ANCHOR_ID_MISMATCH,2,2,02_CURRENT_FACTS.md:176 ; 20_RESULTS_DANCETRACK_DTI_FACT_PACKET.md:33,2790.0,2790.0,YES,AGREES
DanceTrack DTI composition @0.50 :: Deep-OC-SORT/ANCHOR_UNMATCHED,2,2,02_CURRENT_FACTS.md:176 ; 20_RESULTS_DANCETRACK_DTI_FACT_PACKET.md:33,2015.0,2015.0,YES,AGREES
DanceTrack DTI composition @0.50 :: Deep-OC-SORT/GATE_STABLE_NONADM,1,1,20_RESULTS_DANCETRACK_DTI_FACT_PACKET.md:33,5335.0,5335.0,NO,AGREES
DanceTrack DTI composition @0.50 :: Deep-OC-SORT/GATE_STABLE_PCT,1,1,20_RESULTS_DANCETRACK_DTI_FACT_PACKET.md:33,38.05,38.0473541577521,NO,AGREES
DanceTrack DTI composition @0.50 :: Deep-OC-SORT/INSERTED,1,1,20_RESULTS_DANCETRACK_DTI_FACT_PACKET.md:33,14022.0,14022.0,NO,AGREES
DanceTrack DTI composition @0.50 :: Deep-OC-SORT/INSERTED_PCT,1,1,20_RESULTS_DANCETRACK_DTI_FACT_PACKET.md:33,6.457,6.456663182469114,NO,AGREES
DanceTrack DTI composition @0.50 :: Deep-OC-SORT/NON_ADMITTED,2,2,02_CURRENT_FACTS.md:176 ; 20_RESULTS_DANCETRACK_DTI_FACT_PACKET.md:33,5894.0,5894.0,YES,AGREES
DanceTrack DTI composition @0.50 :: Deep-OC-SORT/NON_ADMITTED_PCT,2,2,02_CURRENT_FACTS.md:176 ; 20_RESULTS_DANCETRACK_DTI_FACT_PACKET.md:33,42.03,42.033946655256024,YES,AGREES
DanceTrack DTI composition @0.50 :: Deep-OC-SORT/R0_ROWS,1,1,20_RESULTS_DANCETRACK_DTI_FACT_PACKET.md:33,203149.0,203149.0,NO,AGREES
DanceTrack DTI composition @0.50 :: Deep-OC-SORT/R2_ROWS,1,1,20_RESULTS_DANCETRACK_DTI_FACT_PACKET.md:33,217171.0,217171.0,NO,AGREES
DanceTrack DTI composition @0.50 :: Deep-OC-SORT/SEMANTICALLY_ADMITTED,2,2,02_CURRENT_FACTS.md:176 ; 20_RESULTS_DANCETRACK_DTI_FACT_PACKET.md:33,8128.0,8128.0,YES,AGREES
DanceTrack DTI composition @0.50 :: Deep-OC-SORT/SYNTHESIZED,1,1,02_CURRENT_FACTS.md:176,14022.0,14022.0,NO,AGREES
DanceTrack DTI composition @0.50 :: Deep-OC-SORT/TARGET_REFERENCE_ABSENT,2,2,02_CURRENT_FACTS.md:176 ; 20_RESULTS_DANCETRACK_DTI_FACT_PACKET.md:33,1089.0,1089.0,YES,AGREES
DanceTrack DTI composition @0.50 :: Hybrid-SORT/ANCHOR_ID_MISMATCH,2,2,02_CURRENT_FACTS.md:178 ; 20_RESULTS_DANCETRACK_DTI_FACT_PACKET.md:34,1941.0,1941.0,YES,AGREES
DanceTrack DTI composition @0.50 :: Hybrid-SORT/ANCHOR_UNMATCHED,2,2,02_CURRENT_FACTS.md:178 ; 20_RESULTS_DANCETRACK_DTI_FACT_PACKET.md:34,5206.0,5206.0,YES,AGREES
DanceTrack DTI composition @0.50 :: Hybrid-SORT/GATE_STABLE_NONADM,1,1,20_RESULTS_DANCETRACK_DTI_FACT_PACKET.md:34,7139.0,7139.0,NO,AGREES
DanceTrack DTI composition @0.50 :: Hybrid-SORT/GATE_STABLE_PCT,1,1,20_RESULTS_DANCETRACK_DTI_FACT_PACKET.md:34,57.3,57.30454326537165,NO,AGREES
DanceTrack DTI composition @0.50 :: Hybrid-SORT/INSERTED,1,1,20_RESULTS_DANCETRACK_DTI_FACT_PACKET.md:34,12458.0,12458.0,NO,AGREES
DanceTrack DTI composition @0.50 :: Hybrid-SORT/INSERTED_PCT,1,1,20_RESULTS_DANCETRACK_DTI_FACT_PACKET.md:34,5.468,5.467608217651009,NO,AGREES
DanceTrack DTI composition @0.50 :: Hybrid-SORT/NON_ADMITTED,2,2,02_CURRENT_FACTS.md:178 ; 20_RESULTS_DANCETRACK_DTI_FACT_PACKET.md:34,7976.0,7976.0,YES,AGREES
DanceTrack DTI composition @0.50 :: Hybrid-SORT/NON_ADMITTED_PCT,2,2,02_CURRENT_FACTS.md:178 ; 20_RESULTS_DANCETRACK_DTI_FACT_PACKET.md:34,64.02,64.0231176753893,YES,AGREES
DanceTrack DTI composition @0.50 :: Hybrid-SORT/R0_ROWS,1,1,20_RESULTS_DANCETRACK_DTI_FACT_PACKET.md:34,215393.0,215393.0,NO,AGREES
DanceTrack DTI composition @0.50 :: Hybrid-SORT/R2_ROWS,1,1,20_RESULTS_DANCETRACK_DTI_FACT_PACKET.md:34,227851.0,227851.0,NO,AGREES
DanceTrack DTI composition @0.50 :: Hybrid-SORT/SEMANTICALLY_ADMITTED,2,2,02_CURRENT_FACTS.md:178 ; 20_RESULTS_DANCETRACK_DTI_FACT_PACKET.md:34,4482.0,4482.0,YES,AGREES
DanceTrack DTI composition @0.50 :: Hybrid-SORT/SYNTHESIZED,1,1,02_CURRENT_FACTS.md:178,12458.0,12458.0,NO,AGREES
DanceTrack DTI composition @0.50 :: Hybrid-SORT/TARGET_REFERENCE_ABSENT,2,2,02_CURRENT_FACTS.md:178 ; 20_RESULTS_DANCETRACK_DTI_FACT_PACKET.md:34,829.0,829.0,YES,AGREES
DanceTrack DTI composition @0.50 :: OC-SORT/ANCHOR_ID_MISMATCH,2,2,02_CURRENT_FACTS.md:177 ; 20_RESULTS_DANCETRACK_DTI_FACT_PACKET.md:32,3817.0,3817.0,YES,AGREES
DanceTrack DTI composition @0.50 :: OC-SORT/ANCHOR_UNMATCHED,2,2,02_CURRENT_FACTS.md:177 ; 20_RESULTS_DANCETRACK_DTI_FACT_PACKET.md:32,2338.0,2338.0,YES,AGREES
DanceTrack DTI composition @0.50 :: OC-SORT/GATE_STABLE_NONADM,1,1,20_RESULTS_DANCETRACK_DTI_FACT_PACKET.md:32,6547.0,6547.0,NO,AGREES
DanceTrack DTI composition @0.50 :: OC-SORT/GATE_STABLE_PCT,1,1,20_RESULTS_DANCETRACK_DTI_FACT_PACKET.md:32,43.35,43.349003509236574,NO,AGREES
DanceTrack DTI composition @0.50 :: OC-SORT/INSERTED,1,1,20_RESULTS_DANCETRACK_DTI_FACT_PACKET.md:32,15103.0,15103.0,NO,AGREES
DanceTrack DTI composition @0.50 :: OC-SORT/INSERTED_PCT,1,1,20_RESULTS_DANCETRACK_DTI_FACT_PACKET.md:32,6.931,6.931479186745605,NO,AGREES
DanceTrack DTI composition @0.50 :: OC-SORT/NON_ADMITTED,2,2,02_CURRENT_FACTS.md:177 ; 20_RESULTS_DANCETRACK_DTI_FACT_PACKET.md:32,7162.0,7162.0,YES,AGREES
DanceTrack DTI composition @0.50 :: OC-SORT/NON_ADMITTED_PCT,2,2,02_CURRENT_FACTS.md:177 ; 20_RESULTS_DANCETRACK_DTI_FACT_PACKET.md:32,47.42,47.421042177050914,YES,AGREES
DanceTrack DTI composition @0.50 :: OC-SORT/R0_ROWS,1,1,20_RESULTS_DANCETRACK_DTI_FACT_PACKET.md:32,202787.0,202787.0,NO,AGREES
DanceTrack DTI composition @0.50 :: OC-SORT/R2_ROWS,1,1,20_RESULTS_DANCETRACK_DTI_FACT_PACKET.md:32,217890.0,217890.0,NO,AGREES
DanceTrack DTI composition @0.50 :: OC-SORT/SEMANTICALLY_ADMITTED,2,2,02_CURRENT_FACTS.md:177 ; 20_RESULTS_DANCETRACK_DTI_FACT_PACKET.md:32,7941.0,7941.0,YES,AGREES
DanceTrack DTI composition @0.50 :: OC-SORT/SYNTHESIZED,1,1,02_CURRENT_FACTS.md:177,15103.0,15103.0,NO,AGREES
DanceTrack DTI composition @0.50 :: OC-SORT/TARGET_REFERENCE_ABSENT,2,2,02_CURRENT_FACTS.md:177 ; 20_RESULTS_DANCETRACK_DTI_FACT_PACKET.md:32,1007.0,1007.0,YES,AGREES
DanceTrack DTI gate persistence :: ByteTrack/GATE_STABLE_NONADM,1,1,02_CURRENT_FACTS.md:199,5330.0,5330.0,NO,AGREES
DanceTrack DTI gate persistence :: ByteTrack/NON_ADMITTED_PCT,1,1,02_CURRENT_FACTS.md:199,62.62,62.62483844436611,NO,AGREES
DanceTrack DTI gate persistence :: ByteTrack/gate-stable admitted,1,1,02_CURRENT_FACTS.md:199,1243.0,1243.0,NO,AGREES
DanceTrack DTI gate persistence :: ByteTrack/persistent ID_MISMATCH,1,1,02_CURRENT_FACTS.md:199,581.0,581.0,NO,AGREES
DanceTrack DTI gate persistence :: ByteTrack/persistent REFERENCE_ABSENT,1,1,02_CURRENT_FACTS.md:199,264.0,264.0,NO,AGREES
DanceTrack DTI gate persistence :: ByteTrack/persistent UNMATCHED,1,1,02_CURRENT_FACTS.md:199,2805.0,2805.0,NO,AGREES
DanceTrack DTI gate persistence :: ByteTrack/switching,1,1,02_CURRENT_FACTS.md:199,1938.0,1938.0,NO,AGREES
DanceTrack DTI gate persistence :: Deep-OC-SORT/GATE_STABLE_NONADM,1,1,02_CURRENT_FACTS.md:196,5335.0,5335.0,NO,AGREES
DanceTrack DTI gate persistence :: Deep-OC-SORT/NON_ADMITTED_PCT,1,1,02_CURRENT_FACTS.md:196,38.05,38.0473541577521,NO,AGREES
DanceTrack DTI gate persistence :: Deep-OC-SORT/gate-stable admitted,1,1,02_CURRENT_FACTS.md:196,5469.0,5469.0,NO,AGREES
DanceTrack DTI gate persistence :: Deep-OC-SORT/persistent ID_MISMATCH,1,1,02_CURRENT_FACTS.md:196,1564.0,1564.0,NO,AGREES
DanceTrack DTI gate persistence :: Deep-OC-SORT/persistent REFERENCE_ABSENT,1,1,02_CURRENT_FACTS.md:196,743.0,743.0,NO,AGREES
DanceTrack DTI gate persistence :: Deep-OC-SORT/persistent UNMATCHED,1,1,02_CURRENT_FACTS.md:196,1062.0,1062.0,NO,AGREES
DanceTrack DTI gate persistence :: Deep-OC-SORT/switching,1,1,02_CURRENT_FACTS.md:196,3218.0,3218.0,NO,AGREES
DanceTrack DTI gate persistence :: Hybrid-SORT/GATE_STABLE_NONADM,1,1,02_CURRENT_FACTS.md:198,7139.0,7139.0,NO,AGREES
DanceTrack DTI gate persistence :: Hybrid-SORT/NON_ADMITTED_PCT,1,1,02_CURRENT_FACTS.md:198,57.3,57.30454326537165,NO,AGREES
DanceTrack DTI gate persistence :: Hybrid-SORT/gate-stable admitted,1,1,02_CURRENT_FACTS.md:198,2650.0,2650.0,NO,AGREES
DanceTrack DTI gate persistence :: Hybrid-SORT/persistent ID_MISMATCH,1,1,02_CURRENT_FACTS.md:198,901.0,901.0,NO,AGREES
DanceTrack DTI gate persistence :: Hybrid-SORT/persistent REFERENCE_ABSENT,1,1,02_CURRENT_FACTS.md:198,483.0,483.0,NO,AGREES
DanceTrack DTI gate persistence :: Hybrid-SORT/persistent UNMATCHED,1,1,02_CURRENT_FACTS.md:198,3915.0,3915.0,NO,AGREES
DanceTrack DTI gate persistence :: Hybrid-SORT/switching,1,1,02_CURRENT_FACTS.md:198,2669.0,2669.0,NO,AGREES
DanceTrack DTI gate persistence :: OC-SORT/GATE_STABLE_NONADM,1,1,02_CURRENT_FACTS.md:197,6547.0,6547.0,NO,AGREES
DanceTrack DTI gate persistence :: OC-SORT/NON_ADMITTED_PCT,1,1,02_CURRENT_FACTS.md:197,43.35,43.349003509236574,NO,AGREES
DanceTrack DTI gate persistence :: OC-SORT/gate-stable admitted,1,1,02_CURRENT_FACTS.md:197,5282.0,5282.0,NO,AGREES
DanceTrack DTI gate persistence :: OC-SORT/persistent ID_MISMATCH,1,1,02_CURRENT_FACTS.md:197,2314.0,2314.0,NO,AGREES
DanceTrack DTI gate persistence :: OC-SORT/persistent REFERENCE_ABSENT,1,1,02_CURRENT_FACTS.md:197,683.0,683.0,NO,AGREES
DanceTrack DTI gate persistence :: OC-SORT/persistent UNMATCHED,1,1,02_CURRENT_FACTS.md:197,1255.0,1255.0,NO,AGREES
DanceTrack DTI gate persistence :: OC-SORT/switching,1,1,02_CURRENT_FACTS.md:197,3274.0,3274.0,NO,AGREES
DanceTrack DTI metric deltas :: ByteTrack/DTI/dAssA,1,1,02_CURRENT_FACTS.md:219,0.0991,0.0990872053880878,NO,AGREES
DanceTrack DTI metric deltas :: ByteTrack/DTI/dDetA,1,1,02_CURRENT_FACTS.md:219,-0.4602,-0.4602377074323698,NO,AGREES
DanceTrack DTI metric deltas :: ByteTrack/DTI/dHOTA,1,1,02_CURRENT_FACTS.md:219,-0.0836,-0.08361086222360115,NO,AGREES
DanceTrack DTI metric deltas :: ByteTrack/DTI/dIDF1,1,1,02_CURRENT_FACTS.md:219,-0.1104,-0.11039746381384674,NO,AGREES
DanceTrack DTI metric deltas :: ByteTrack/DTI/dMOTA,1,1,02_CURRENT_FACTS.md:219,-0.5903,-0.590278394655968,NO,AGREES
DanceTrack DTI metric deltas :: Deep-OC-SORT/DTI/dAssA,1,1,02_CURRENT_FACTS.md:221,0.2434,0.24343491022456476,NO,AGREES
DanceTrack DTI metric deltas :: Deep-OC-SORT/DTI/dDetA,1,1,02_CURRENT_FACTS.md:221,1.4348,1.434803942781187,NO,AGREES
DanceTrack DTI metric deltas :: Deep-OC-SORT/DTI/dHOTA,1,1,02_CURRENT_FACTS.md:221,0.6786,0.6785746219371447,NO,AGREES
DanceTrack DTI metric deltas :: Deep-OC-SORT/DTI/dIDF1,1,1,02_CURRENT_FACTS.md:221,0.4269,0.42690967343263964,NO,AGREES
DanceTrack DTI metric deltas :: Deep-OC-SORT/DTI/dMOTA,1,1,02_CURRENT_FACTS.md:221,2.6414,2.6413736742054112,NO,AGREES
DanceTrack DTI metric deltas :: Hybrid-SORT/DTI/dAssA,1,1,02_CURRENT_FACTS.md:222,0.0242,0.024194415613244757,NO,AGREES
DanceTrack DTI metric deltas :: Hybrid-SORT/DTI/dDetA,1,1,02_CURRENT_FACTS.md:222,-0.5071,-0.507053119138746,NO,AGREES
DanceTrack DTI metric deltas :: Hybrid-SORT/DTI/dHOTA,1,1,02_CURRENT_FACTS.md:222,-0.1897,-0.1896917815675252,NO,AGREES
DanceTrack DTI metric deltas :: Hybrid-SORT/DTI/dIDF1,1,1,02_CURRENT_FACTS.md:222,-0.1841,-0.18408051640886924,NO,AGREES
DanceTrack DTI metric deltas :: Hybrid-SORT/DTI/dMOTA,1,1,02_CURRENT_FACTS.md:222,-0.1381,-0.138131362481559,NO,AGREES
DanceTrack DTI metric deltas :: OC-SORT/DTI/dAssA,1,1,02_CURRENT_FACTS.md:220,0.3129,0.3129391983070775,NO,AGREES
DanceTrack DTI metric deltas :: OC-SORT/DTI/dDetA,1,1,02_CURRENT_FACTS.md:220,1.3324,1.3323903759776385,NO,AGREES
DanceTrack DTI metric deltas :: OC-SORT/DTI/dHOTA,1,1,02_CURRENT_FACTS.md:220,0.6587,0.6586973342970097,NO,AGREES
DanceTrack DTI metric deltas :: OC-SORT/DTI/dIDF1,1,1,02_CURRENT_FACTS.md:220,0.4493,0.44930929202195813,NO,AGREES
DanceTrack DTI metric deltas :: OC-SORT/DTI/dMOTA,1,1,02_CURRENT_FACTS.md:220,2.4491,2.4490557322294677,NO,AGREES
DanceTrack DTI metric states :: ByteTrack/R0/AssA,1,1,02_CURRENT_FACTS.md:208,31.2483,31.24834200818102,NO,AGREES
DanceTrack DTI metric states :: ByteTrack/R0/DetA,1,1,02_CURRENT_FACTS.md:208,70.6581,70.65811721040761,NO,AGREES
DanceTrack DTI metric states :: ByteTrack/R0/HOTA,1,1,02_CURRENT_FACTS.md:208,46.8928,46.8928275477346,NO,AGREES
DanceTrack DTI metric states :: ByteTrack/R0/IDF1,1,1,02_CURRENT_FACTS.md:208,51.6362,51.63616923920282,NO,AGREES
DanceTrack DTI metric states :: ByteTrack/R0/MOTA,1,1,02_CURRENT_FACTS.md:208,88.3086,88.30857924565176,NO,AGREES
DanceTrack DTI metric states :: ByteTrack/R2/AssA,1,1,02_CURRENT_FACTS.md:209,31.3474,31.347429213569107,NO,AGREES
DanceTrack DTI metric states :: ByteTrack/R2/DetA,1,1,02_CURRENT_FACTS.md:209,70.1979,70.19787950297524,NO,AGREES
DanceTrack DTI metric states :: ByteTrack/R2/HOTA,1,1,02_CURRENT_FACTS.md:209,46.8092,46.809216685511,NO,AGREES
DanceTrack DTI metric states :: ByteTrack/R2/IDF1,1,1,02_CURRENT_FACTS.md:209,51.5258,51.525771775388975,NO,AGREES
DanceTrack DTI metric states :: ByteTrack/R2/MOTA,1,1,02_CURRENT_FACTS.md:209,87.7183,87.71830085099579,NO,AGREES
DanceTrack DTI metric states :: Deep-OC-SORT/R0/AssA,1,1,02_CURRENT_FACTS.md:212,44.457,44.45698321736142,NO,AGREES
DanceTrack DTI metric states :: Deep-OC-SORT/R0/DetA,1,1,02_CURRENT_FACTS.md:212,77.6365,77.63645288549303,NO,AGREES
DanceTrack DTI metric states :: Deep-OC-SORT/R0/HOTA,1,1,02_CURRENT_FACTS.md:212,58.6547,58.65473883855209,NO,AGREES
DanceTrack DTI metric states :: Deep-OC-SORT/R0/IDF1,1,1,02_CURRENT_FACTS.md:212,59.4615,59.461541873979975,NO,AGREES
DanceTrack DTI metric states :: Deep-OC-SORT/R0/MOTA,1,1,02_CURRENT_FACTS.md:212,87.5788,87.57883703164141,NO,AGREES
DanceTrack DTI metric states :: Deep-OC-SORT/R2/AssA,1,1,02_CURRENT_FACTS.md:213,44.7004,44.70041812758598,NO,AGREES
DanceTrack DTI metric states :: Deep-OC-SORT/R2/DetA,1,1,02_CURRENT_FACTS.md:213,79.0713,79.07125682827422,NO,AGREES
DanceTrack DTI metric states :: Deep-OC-SORT/R2/HOTA,1,1,02_CURRENT_FACTS.md:213,59.3333,59.33331346048924,NO,AGREES
DanceTrack DTI metric states :: Deep-OC-SORT/R2/IDF1,1,1,02_CURRENT_FACTS.md:213,59.8885,59.888451547412615,NO,AGREES
DanceTrack DTI metric states :: Deep-OC-SORT/R2/MOTA,1,1,02_CURRENT_FACTS.md:213,90.2202,90.22021070584682,NO,AGREES
DanceTrack DTI metric states :: Hybrid-SORT/R0/AssA,1,1,02_CURRENT_FACTS.md:214,44.8137,44.81371467492624,NO,AGREES
DanceTrack DTI metric states :: Hybrid-SORT/R0/DetA,1,1,02_CURRENT_FACTS.md:214,78.8666,78.8666444116411,NO,AGREES
DanceTrack DTI metric states :: Hybrid-SORT/R0/HOTA,1,1,02_CURRENT_FACTS.md:214,59.3128,59.312829873707116,NO,AGREES
DanceTrack DTI metric states :: Hybrid-SORT/R0/IDF1,1,1,02_CURRENT_FACTS.md:214,60.8756,60.87560522176142,NO,AGREES
DanceTrack DTI metric states :: Hybrid-SORT/R0/MOTA,1,1,02_CURRENT_FACTS.md:214,89.5158,89.51578517241991,NO,AGREES
DanceTrack DTI metric states :: Hybrid-SORT/R2/AssA,1,1,02_CURRENT_FACTS.md:215,44.8379,44.83790909053948,NO,AGREES
DanceTrack DTI metric states :: Hybrid-SORT/R2/DetA,1,1,02_CURRENT_FACTS.md:215,78.3596,78.35959129250236,NO,AGREES
DanceTrack DTI metric states :: Hybrid-SORT/R2/HOTA,1,1,02_CURRENT_FACTS.md:215,59.1231,59.12313809213959,NO,AGREES
DanceTrack DTI metric states :: Hybrid-SORT/R2/IDF1,1,1,02_CURRENT_FACTS.md:215,60.6915,60.69152470535255,NO,AGREES
DanceTrack DTI metric states :: Hybrid-SORT/R2/MOTA,1,1,02_CURRENT_FACTS.md:215,89.3777,89.37765380993835,NO,AGREES
DanceTrack DTI metric states :: OC-SORT/R0/AssA,1,1,02_CURRENT_FACTS.md:210,35.3804,35.380423720881495,NO,AGREES
DanceTrack DTI metric states :: OC-SORT/R0/DetA,1,1,02_CURRENT_FACTS.md:210,77.3834,77.38341956951847,NO,AGREES
DanceTrack DTI metric states :: OC-SORT/R0/HOTA,1,1,02_CURRENT_FACTS.md:210,52.2352,52.235155333312676,NO,AGREES
DanceTrack DTI metric states :: OC-SORT/R0/IDF1,1,1,02_CURRENT_FACTS.md:210,51.8532,51.8532020049774,NO,AGREES
DanceTrack DTI metric states :: OC-SORT/R0/MOTA,1,1,02_CURRENT_FACTS.md:210,87.2955,87.29546787002327,NO,AGREES
DanceTrack DTI metric states :: OC-SORT/R2/AssA,1,1,02_CURRENT_FACTS.md:211,35.6934,35.69336291918857,NO,AGREES
DanceTrack DTI metric states :: OC-SORT/R2/DetA,1,1,02_CURRENT_FACTS.md:211,78.7158,78.7158099454961,NO,AGREES
DanceTrack DTI metric states :: OC-SORT/R2/HOTA,1,1,02_CURRENT_FACTS.md:211,52.8939,52.893852667609686,NO,AGREES
DanceTrack DTI metric states :: OC-SORT/R2/IDF1,1,1,02_CURRENT_FACTS.md:211,52.3025,52.302511296999356,NO,AGREES
DanceTrack DTI metric states :: OC-SORT/R2/MOTA,1,1,02_CURRENT_FACTS.md:211,89.7445,89.74452360225274,NO,AGREES
DanceTrack DTI non-admission % by gate :: ByteTrack/0.30/NON_ADMITTED_PCT,1,1,02_CURRENT_FACTS.md:190,63.34,63.34155798378569,NO,AGREES
DanceTrack DTI non-admission % by gate :: ByteTrack/0.40/NON_ADMITTED_PCT,1,1,02_CURRENT_FACTS.md:190,65.01,65.00998707554929,NO,AGREES
DanceTrack DTI non-admission % by gate :: ByteTrack/0.50/NON_ADMITTED_PCT,1,1,02_CURRENT_FACTS.md:190,68.46,68.46434026553871,NO,AGREES
DanceTrack DTI non-admission % by gate :: ByteTrack/0.60/NON_ADMITTED_PCT,1,1,02_CURRENT_FACTS.md:190,76.27,76.26600869463047,NO,AGREES
DanceTrack DTI non-admission % by gate :: ByteTrack/0.70/NON_ADMITTED_PCT,1,1,02_CURRENT_FACTS.md:190,85.13,85.12513218188226,NO,AGREES
DanceTrack DTI non-admission % by gate :: Deep-OC-SORT/0.30/NON_ADMITTED_PCT,1,1,02_CURRENT_FACTS.md:187,38.32,38.3183568677792,NO,AGREES
DanceTrack DTI non-admission % by gate :: Deep-OC-SORT/0.40/NON_ADMITTED_PCT,1,1,02_CURRENT_FACTS.md:187,39.02,39.017258593638566,NO,AGREES
DanceTrack DTI non-admission % by gate :: Deep-OC-SORT/0.50/NON_ADMITTED_PCT,1,1,02_CURRENT_FACTS.md:187,42.03,42.033946655256024,NO,AGREES
DanceTrack DTI non-admission % by gate :: Deep-OC-SORT/0.60/NON_ADMITTED_PCT,1,1,02_CURRENT_FACTS.md:187,49.09,49.0871487662245,NO,AGREES
DanceTrack DTI non-admission % by gate :: Deep-OC-SORT/0.70/NON_ADMITTED_PCT,1,1,02_CURRENT_FACTS.md:187,60.65,60.64755384395949,NO,AGREES
DanceTrack DTI non-admission % by gate :: Hybrid-SORT/0.30/NON_ADMITTED_PCT,1,1,02_CURRENT_FACTS.md:189,58.02,58.01894365066624,NO,AGREES
DanceTrack DTI non-admission % by gate :: Hybrid-SORT/0.40/NON_ADMITTED_PCT,1,1,02_CURRENT_FACTS.md:189,59.38,59.37550168566383,NO,AGREES
DanceTrack DTI non-admission % by gate :: Hybrid-SORT/0.50/NON_ADMITTED_PCT,1,1,02_CURRENT_FACTS.md:189,64.02,64.0231176753893,NO,AGREES
DanceTrack DTI non-admission % by gate :: Hybrid-SORT/0.60/NON_ADMITTED_PCT,1,1,02_CURRENT_FACTS.md:189,69.45,69.44934981537968,NO,AGREES
DanceTrack DTI non-admission % by gate :: Hybrid-SORT/0.70/NON_ADMITTED_PCT,1,1,02_CURRENT_FACTS.md:189,78.55,78.55193449991972,NO,AGREES
DanceTrack DTI non-admission % by gate :: OC-SORT/0.30/NON_ADMITTED_PCT,1,1,02_CURRENT_FACTS.md:188,43.75,43.746275574389195,NO,AGREES
DanceTrack DTI non-admission % by gate :: OC-SORT/0.40/NON_ADMITTED_PCT,1,1,02_CURRENT_FACTS.md:188,44.81,44.812288949215386,NO,AGREES
DanceTrack DTI non-admission % by gate :: OC-SORT/0.50/NON_ADMITTED_PCT,1,1,02_CURRENT_FACTS.md:188,47.42,47.421042177050914,NO,AGREES
DanceTrack DTI non-admission % by gate :: OC-SORT/0.60/NON_ADMITTED_PCT,1,1,02_CURRENT_FACTS.md:188,53.88,53.87671323578097,NO,AGREES
DanceTrack DTI non-admission % by gate :: OC-SORT/0.70/NON_ADMITTED_PCT,1,1,02_CURRENT_FACTS.md:188,64.83,64.83480103290736,NO,AGREES
DanceTrack DTI state inventory :: ByteTrack/INSERTED,1,1,02_CURRENT_FACTS.md:167,8511.0,8511.0,NO,AGREES
DanceTrack DTI state inventory :: ByteTrack/INSERTED_PCT,1,1,02_CURRENT_FACTS.md:167,3.786,3.7856783841367134,NO,AGREES
DanceTrack DTI state inventory :: ByteTrack/R0_ROWS,1,1,02_CURRENT_FACTS.md:167,216310.0,216310.0,NO,AGREES
DanceTrack DTI state inventory :: ByteTrack/R2_ROWS,1,1,02_CURRENT_FACTS.md:167,224821.0,224821.0,NO,AGREES
DanceTrack DTI state inventory :: ByteTrack/R2s30,1,1,02_CURRENT_FACTS.md:167,224754.0,224754.0,NO,AGREES
DanceTrack DTI state inventory :: ByteTrack/ins_s30,1,1,02_CURRENT_FACTS.md:167,8444.0,8444.0,NO,AGREES
DanceTrack DTI state inventory :: Deep-OC-SORT/INSERTED,1,1,02_CURRENT_FACTS.md:169,14022.0,14022.0,NO,AGREES
DanceTrack DTI state inventory :: Deep-OC-SORT/INSERTED_PCT,1,1,02_CURRENT_FACTS.md:169,6.457,6.456663182469114,NO,AGREES
DanceTrack DTI state inventory :: Deep-OC-SORT/R0_ROWS,1,1,02_CURRENT_FACTS.md:169,203149.0,203149.0,NO,AGREES
DanceTrack DTI state inventory :: Deep-OC-SORT/R2_ROWS,1,1,02_CURRENT_FACTS.md:169,217171.0,217171.0,NO,AGREES
DanceTrack DTI state inventory :: Deep-OC-SORT/R2s30,1,1,02_CURRENT_FACTS.md:169,217020.0,217020.0,NO,AGREES
DanceTrack DTI state inventory :: Deep-OC-SORT/ins_s30,1,1,02_CURRENT_FACTS.md:169,13871.0,13871.0,NO,AGREES
DanceTrack DTI state inventory :: Hybrid-SORT/INSERTED,1,1,02_CURRENT_FACTS.md:170,12458.0,12458.0,NO,AGREES
DanceTrack DTI state inventory :: Hybrid-SORT/INSERTED_PCT,1,1,02_CURRENT_FACTS.md:170,5.468,5.467608217651009,NO,AGREES
DanceTrack DTI state inventory :: Hybrid-SORT/R0_ROWS,1,1,02_CURRENT_FACTS.md:170,215393.0,215393.0,NO,AGREES
DanceTrack DTI state inventory :: Hybrid-SORT/R2_ROWS,1,1,02_CURRENT_FACTS.md:170,227851.0,227851.0,NO,AGREES
DanceTrack DTI state inventory :: Hybrid-SORT/R2s30,1,1,02_CURRENT_FACTS.md:170,227734.0,227734.0,NO,AGREES
DanceTrack DTI state inventory :: Hybrid-SORT/ins_s30,1,1,02_CURRENT_FACTS.md:170,12341.0,12341.0,NO,AGREES
DanceTrack DTI state inventory :: OC-SORT/INSERTED,1,1,02_CURRENT_FACTS.md:168,15103.0,15103.0,NO,AGREES
DanceTrack DTI state inventory :: OC-SORT/INSERTED_PCT,1,1,02_CURRENT_FACTS.md:168,6.931,6.931479186745605,NO,AGREES
DanceTrack DTI state inventory :: OC-SORT/R0_ROWS,1,1,02_CURRENT_FACTS.md:168,202787.0,202787.0,NO,AGREES
DanceTrack DTI state inventory :: OC-SORT/R2_ROWS,1,1,02_CURRENT_FACTS.md:168,217890.0,217890.0,NO,AGREES
DanceTrack DTI state inventory :: OC-SORT/R2s30,1,1,02_CURRENT_FACTS.md:168,217726.0,217726.0,NO,AGREES
DanceTrack DTI state inventory :: OC-SORT/ins_s30,1,1,02_CURRENT_FACTS.md:168,14939.0,14939.0,NO,AGREES
DanceTrack GSI metric deltas :: ByteTrack/GSI/dAssA,1,1,02_CURRENT_FACTS.md:398,0.1136,0.11361341449293505,NO,AGREES
DanceTrack GSI metric deltas :: ByteTrack/GSI/dDetA,1,1,02_CURRENT_FACTS.md:398,-0.6464,-0.6464078890175671,NO,AGREES
DanceTrack GSI metric deltas :: ByteTrack/GSI/dHOTA,1,1,02_CURRENT_FACTS.md:398,-0.1443,-0.14425815876149528,NO,AGREES
DanceTrack GSI metric deltas :: ByteTrack/GSI/dIDF1,1,1,02_CURRENT_FACTS.md:398,-0.1212,-0.12122631741140566,NO,AGREES
DanceTrack GSI metric deltas :: ByteTrack/GSI/dMOTA,1,1,02_CURRENT_FACTS.md:398,-0.6422,-0.6422442126956582,NO,AGREES
DanceTrack GSI metric deltas :: Deep-OC-SORT/GSI/dAssA,1,1,02_CURRENT_FACTS.md:400,0.2529,0.252856230246266,NO,AGREES
DanceTrack GSI metric deltas :: Deep-OC-SORT/GSI/dDetA,1,1,02_CURRENT_FACTS.md:400,0.6498,0.6498414010607689,NO,AGREES
DanceTrack GSI metric deltas :: Deep-OC-SORT/GSI/dHOTA,1,1,02_CURRENT_FACTS.md:400,0.3161,0.316110649439203,NO,AGREES
DanceTrack GSI metric deltas :: Deep-OC-SORT/GSI/dIDF1,1,1,02_CURRENT_FACTS.md:400,0.3693,0.3692882047839916,NO,AGREES
DanceTrack GSI metric deltas :: Deep-OC-SORT/GSI/dMOTA,1,1,02_CURRENT_FACTS.md:400,2.688,2.6880096647538494,NO,AGREES
DanceTrack GSI metric deltas :: Hybrid-SORT/GSI/dAssA,1,1,02_CURRENT_FACTS.md:401,0.1065,0.1064749852080098,NO,AGREES
DanceTrack GSI metric deltas :: Hybrid-SORT/GSI/dDetA,1,1,02_CURRENT_FACTS.md:401,-1.3614,-1.3614303156616074,NO,AGREES
DanceTrack GSI metric deltas :: Hybrid-SORT/GSI/dHOTA,1,1,02_CURRENT_FACTS.md:401,-0.5294,-0.529410963668326,NO,AGREES
DanceTrack GSI metric deltas :: Hybrid-SORT/GSI/dIDF1,1,1,02_CURRENT_FACTS.md:401,-0.2535,-0.2534531166327838,NO,AGREES
DanceTrack GSI metric deltas :: Hybrid-SORT/GSI/dMOTA,1,1,02_CURRENT_FACTS.md:401,-0.2638,-0.26382646081688677,NO,AGREES
DanceTrack GSI metric deltas :: OC-SORT/GSI/dAssA,1,1,02_CURRENT_FACTS.md:399,0.3243,0.32426004159250965,NO,AGREES
DanceTrack GSI metric deltas :: OC-SORT/GSI/dDetA,1,1,02_CURRENT_FACTS.md:399,0.3407,0.3407279748244463,NO,AGREES
DanceTrack GSI metric deltas :: OC-SORT/GSI/dHOTA,1,1,02_CURRENT_FACTS.md:399,0.2526,0.2526091579956642,NO,AGREES
DanceTrack GSI metric deltas :: OC-SORT/GSI/dIDF1,1,1,02_CURRENT_FACTS.md:399,0.4131,0.413107695094034,NO,AGREES
DanceTrack GSI metric deltas :: OC-SORT/GSI/dMOTA,1,1,02_CURRENT_FACTS.md:399,2.5219,2.5218967079432275,NO,AGREES
DanceTrack GSI metric states :: ByteTrack/GSI/AssA,1,1,02_CURRENT_FACTS.md:391,31.362,31.361955422673955,NO,AGREES
DanceTrack GSI metric states :: ByteTrack/GSI/DetA,1,1,02_CURRENT_FACTS.md:391,70.0117,70.01170932139004,NO,AGREES
DanceTrack GSI metric states :: ByteTrack/GSI/HOTA,1,1,02_CURRENT_FACTS.md:391,46.7486,46.7485693889731,NO,AGREES
DanceTrack GSI metric states :: ByteTrack/GSI/IDF1,1,1,02_CURRENT_FACTS.md:391,51.5149,51.514942921791416,NO,AGREES
DanceTrack GSI metric states :: ByteTrack/GSI/MOTA,1,1,02_CURRENT_FACTS.md:391,87.6663,87.6663350329561,NO,AGREES
DanceTrack GSI metric states :: Deep-OC-SORT/GSI/AssA,1,1,02_CURRENT_FACTS.md:393,44.7098,44.709839447607685,NO,AGREES
DanceTrack GSI metric states :: Deep-OC-SORT/GSI/DetA,1,1,02_CURRENT_FACTS.md:393,78.2863,78.2862942865538,NO,AGREES
DanceTrack GSI metric states :: Deep-OC-SORT/GSI/HOTA,1,1,02_CURRENT_FACTS.md:393,58.9708,58.970849487991295,NO,AGREES
DanceTrack GSI metric states :: Deep-OC-SORT/GSI/IDF1,1,1,02_CURRENT_FACTS.md:393,59.8308,59.83083007876397,NO,AGREES
DanceTrack GSI metric states :: Deep-OC-SORT/GSI/MOTA,1,1,02_CURRENT_FACTS.md:393,90.2668,90.26684669639526,NO,AGREES
DanceTrack GSI metric states :: Hybrid-SORT/GSI/AssA,1,1,02_CURRENT_FACTS.md:394,44.9202,44.92018966013425,NO,AGREES
DanceTrack GSI metric states :: Hybrid-SORT/GSI/DetA,1,1,02_CURRENT_FACTS.md:394,77.5052,77.5052140959795,NO,AGREES
DanceTrack GSI metric states :: Hybrid-SORT/GSI/HOTA,1,1,02_CURRENT_FACTS.md:394,58.7834,58.78341891003879,NO,AGREES
DanceTrack GSI metric states :: Hybrid-SORT/GSI/IDF1,1,1,02_CURRENT_FACTS.md:394,60.6222,60.622152105128635,NO,AGREES
DanceTrack GSI metric states :: Hybrid-SORT/GSI/MOTA,1,1,02_CURRENT_FACTS.md:394,89.252,89.25195871160302,NO,AGREES
DanceTrack GSI metric states :: OC-SORT/GSI/AssA,1,1,02_CURRENT_FACTS.md:392,35.7047,35.704683762474005,NO,AGREES
DanceTrack GSI metric states :: OC-SORT/GSI/DetA,1,1,02_CURRENT_FACTS.md:392,77.7241,77.72414754434291,NO,AGREES
DanceTrack GSI metric states :: OC-SORT/GSI/HOTA,1,1,02_CURRENT_FACTS.md:392,52.4878,52.48776449130834,NO,AGREES
DanceTrack GSI metric states :: OC-SORT/GSI/IDF1,1,1,02_CURRENT_FACTS.md:392,52.2663,52.26630970007143,NO,AGREES
DanceTrack GSI metric states :: OC-SORT/GSI/MOTA,1,1,02_CURRENT_FACTS.md:392,89.8174,89.8173645779665,NO,AGREES
DanceTrack GSI state inventory :: ByteTrack/COORD_REWRITES,2,2,02_CURRENT_FACTS.md:378 ; 21_RESULTS_GSI_FACT_PACKET.md:27,127411.0,127411.0,YES,AGREES
DanceTrack GSI state inventory :: ByteTrack/COORD_REWRITE_PCT,1,1,21_RESULTS_GSI_FACT_PACKET.md:27,58.902,58.902,NO,AGREES
DanceTrack GSI state inventory :: ByteTrack/GSI/R0_ROWS,1,1,02_CURRENT_FACTS.md:378,216310.0,216310.0,NO,AGREES
DanceTrack GSI state inventory :: ByteTrack/GSI/deleted,1,1,02_CURRENT_FACTS.md:378,0.0,0.0,NO,AGREES
DanceTrack GSI state inventory :: ByteTrack/GSI/id changes,1,1,02_CURRENT_FACTS.md:378,0.0,0.0,NO,AGREES
DanceTrack GSI state inventory :: ByteTrack/GSI/surviving,1,1,02_CURRENT_FACTS.md:378,216310.0,216310.0,NO,AGREES
DanceTrack GSI state inventory :: ByteTrack/GSI_ROWS,2,2,02_CURRENT_FACTS.md:378 ; 21_RESULTS_GSI_FACT_PACKET.md:27,225199.0,225199.0,YES,AGREES
DanceTrack GSI state inventory :: ByteTrack/INSERTED,2,2,02_CURRENT_FACTS.md:378 ; 21_RESULTS_GSI_FACT_PACKET.md:27,8889.0,8889.0,YES,AGREES
DanceTrack GSI state inventory :: ByteTrack/NON_ADMITTED_PCT,1,1,02_CURRENT_FACTS.md:378,58.902,58.902,NO,AGREES
DanceTrack GSI state inventory :: Deep-OC-SORT/COORD_REWRITES,2,2,02_CURRENT_FACTS.md:380 ; 21_RESULTS_GSI_FACT_PACKET.md:29,123954.0,123954.0,YES,AGREES
DanceTrack GSI state inventory :: Deep-OC-SORT/COORD_REWRITE_PCT,1,1,21_RESULTS_GSI_FACT_PACKET.md:29,61.0163,61.0163,NO,AGREES
DanceTrack GSI state inventory :: Deep-OC-SORT/GSI/R0_ROWS,1,1,02_CURRENT_FACTS.md:380,203149.0,203149.0,NO,AGREES
DanceTrack GSI state inventory :: Deep-OC-SORT/GSI/deleted,1,1,02_CURRENT_FACTS.md:380,0.0,0.0,NO,AGREES
DanceTrack GSI state inventory :: Deep-OC-SORT/GSI/id changes,1,1,02_CURRENT_FACTS.md:380,0.0,0.0,NO,AGREES
DanceTrack GSI state inventory :: Deep-OC-SORT/GSI/surviving,1,1,02_CURRENT_FACTS.md:380,203149.0,203149.0,NO,AGREES
DanceTrack GSI state inventory :: Deep-OC-SORT/GSI_ROWS,2,2,02_CURRENT_FACTS.md:380 ; 21_RESULTS_GSI_FACT_PACKET.md:29,218075.0,218075.0,YES,AGREES
DanceTrack GSI state inventory :: Deep-OC-SORT/INSERTED,2,2,02_CURRENT_FACTS.md:380 ; 21_RESULTS_GSI_FACT_PACKET.md:29,14926.0,14926.0,YES,AGREES
DanceTrack GSI state inventory :: Deep-OC-SORT/NON_ADMITTED_PCT,1,1,02_CURRENT_FACTS.md:380,61.0163,61.0163,NO,AGREES
DanceTrack GSI state inventory :: Hybrid-SORT/COORD_REWRITES,2,2,02_CURRENT_FACTS.md:381 ; 21_RESULTS_GSI_FACT_PACKET.md:30,122427.0,122427.0,YES,AGREES
DanceTrack GSI state inventory :: Hybrid-SORT/COORD_REWRITE_PCT,1,1,21_RESULTS_GSI_FACT_PACKET.md:30,56.8389,56.8389,NO,AGREES
DanceTrack GSI state inventory :: Hybrid-SORT/GSI/R0_ROWS,1,1,02_CURRENT_FACTS.md:381,215393.0,215393.0,NO,AGREES
DanceTrack GSI state inventory :: Hybrid-SORT/GSI/deleted,1,1,02_CURRENT_FACTS.md:381,0.0,0.0,NO,AGREES
DanceTrack GSI state inventory :: Hybrid-SORT/GSI/id changes,1,1,02_CURRENT_FACTS.md:381,0.0,0.0,NO,AGREES
DanceTrack GSI state inventory :: Hybrid-SORT/GSI/surviving,1,1,02_CURRENT_FACTS.md:381,215393.0,215393.0,NO,AGREES
DanceTrack GSI state inventory :: Hybrid-SORT/GSI_ROWS,2,2,02_CURRENT_FACTS.md:381 ; 21_RESULTS_GSI_FACT_PACKET.md:30,228696.0,228696.0,YES,AGREES
DanceTrack GSI state inventory :: Hybrid-SORT/INSERTED,2,2,02_CURRENT_FACTS.md:381 ; 21_RESULTS_GSI_FACT_PACKET.md:30,13303.0,13303.0,YES,AGREES
DanceTrack GSI state inventory :: Hybrid-SORT/NON_ADMITTED_PCT,1,1,02_CURRENT_FACTS.md:381,56.8389,56.8389,NO,AGREES
DanceTrack GSI state inventory :: OC-SORT/COORD_REWRITES,2,2,02_CURRENT_FACTS.md:379 ; 21_RESULTS_GSI_FACT_PACKET.md:28,136814.0,136814.0,YES,AGREES
DanceTrack GSI state inventory :: OC-SORT/COORD_REWRITE_PCT,1,1,21_RESULTS_GSI_FACT_PACKET.md:28,67.4668,67.4668,NO,AGREES
DanceTrack GSI state inventory :: OC-SORT/GSI/R0_ROWS,1,1,02_CURRENT_FACTS.md:379,202787.0,202787.0,NO,AGREES
DanceTrack GSI state inventory :: OC-SORT/GSI/deleted,1,1,02_CURRENT_FACTS.md:379,0.0,0.0,NO,AGREES
DanceTrack GSI state inventory :: OC-SORT/GSI/id changes,1,1,02_CURRENT_FACTS.md:379,0.0,0.0,NO,AGREES
DanceTrack GSI state inventory :: OC-SORT/GSI/surviving,1,1,02_CURRENT_FACTS.md:379,202787.0,202787.0,NO,AGREES
DanceTrack GSI state inventory :: OC-SORT/GSI_ROWS,2,2,02_CURRENT_FACTS.md:379 ; 21_RESULTS_GSI_FACT_PACKET.md:28,218591.0,218591.0,YES,AGREES
DanceTrack GSI state inventory :: OC-SORT/INSERTED,2,2,02_CURRENT_FACTS.md:379 ; 21_RESULTS_GSI_FACT_PACKET.md:28,15804.0,15804.0,YES,AGREES
DanceTrack GSI state inventory :: OC-SORT/NON_ADMITTED_PCT,1,1,02_CURRENT_FACTS.md:379,67.4668,67.4668,NO,AGREES
DanceTrack REFERENCE_ABSENT by gate :: ByteTrack/0.30/TARGET_REFERENCE_ABSENT,1,1,02_CURRENT_FACTS.md:290,620.0,620.0,NO,AGREES
DanceTrack REFERENCE_ABSENT by gate :: ByteTrack/0.40/TARGET_REFERENCE_ABSENT,1,1,02_CURRENT_FACTS.md:290,595.0,595.0,NO,AGREES
DanceTrack REFERENCE_ABSENT by gate :: ByteTrack/0.50/TARGET_REFERENCE_ABSENT,1,1,02_CURRENT_FACTS.md:290,526.0,526.0,NO,AGREES
DanceTrack REFERENCE_ABSENT by gate :: ByteTrack/0.60/TARGET_REFERENCE_ABSENT,1,1,02_CURRENT_FACTS.md:290,413.0,413.0,NO,AGREES
DanceTrack REFERENCE_ABSENT by gate :: ByteTrack/0.70/TARGET_REFERENCE_ABSENT,1,1,02_CURRENT_FACTS.md:290,264.0,264.0,NO,AGREES
DanceTrack REFERENCE_ABSENT by gate :: ByteTrack/persistent_ABS,1,1,02_CURRENT_FACTS.md:290,264.0,264.0,NO,AGREES
DanceTrack REFERENCE_ABSENT by gate :: Deep-OC-SORT/0.30/TARGET_REFERENCE_ABSENT,1,1,02_CURRENT_FACTS.md:292,1132.0,1132.0,NO,AGREES
DanceTrack REFERENCE_ABSENT by gate :: Deep-OC-SORT/0.40/TARGET_REFERENCE_ABSENT,1,1,02_CURRENT_FACTS.md:292,1124.0,1124.0,NO,AGREES
DanceTrack REFERENCE_ABSENT by gate :: Deep-OC-SORT/0.50/TARGET_REFERENCE_ABSENT,1,1,02_CURRENT_FACTS.md:292,1089.0,1089.0,NO,AGREES
DanceTrack REFERENCE_ABSENT by gate :: Deep-OC-SORT/0.60/TARGET_REFERENCE_ABSENT,1,1,02_CURRENT_FACTS.md:292,992.0,992.0,NO,AGREES
DanceTrack REFERENCE_ABSENT by gate :: Deep-OC-SORT/0.70/TARGET_REFERENCE_ABSENT,1,1,02_CURRENT_FACTS.md:292,743.0,743.0,NO,AGREES
DanceTrack REFERENCE_ABSENT by gate :: Deep-OC-SORT/persistent_ABS,1,1,02_CURRENT_FACTS.md:292,743.0,743.0,NO,AGREES
DanceTrack REFERENCE_ABSENT by gate :: Hybrid-SORT/0.30/TARGET_REFERENCE_ABSENT,1,1,02_CURRENT_FACTS.md:293,935.0,935.0,NO,AGREES
DanceTrack REFERENCE_ABSENT by gate :: Hybrid-SORT/0.40/TARGET_REFERENCE_ABSENT,1,1,02_CURRENT_FACTS.md:293,905.0,905.0,NO,AGREES
DanceTrack REFERENCE_ABSENT by gate :: Hybrid-SORT/0.50/TARGET_REFERENCE_ABSENT,1,1,02_CURRENT_FACTS.md:293,829.0,829.0,NO,AGREES
DanceTrack REFERENCE_ABSENT by gate :: Hybrid-SORT/0.60/TARGET_REFERENCE_ABSENT,1,1,02_CURRENT_FACTS.md:293,693.0,693.0,NO,AGREES
DanceTrack REFERENCE_ABSENT by gate :: Hybrid-SORT/0.70/TARGET_REFERENCE_ABSENT,1,1,02_CURRENT_FACTS.md:293,484.0,484.0,NO,AGREES
DanceTrack REFERENCE_ABSENT by gate :: Hybrid-SORT/persistent_ABS,1,1,02_CURRENT_FACTS.md:293,483.0,483.0,NO,AGREES
DanceTrack REFERENCE_ABSENT by gate :: OC-SORT/0.30/TARGET_REFERENCE_ABSENT,1,1,02_CURRENT_FACTS.md:291,1031.0,1031.0,NO,AGREES
DanceTrack REFERENCE_ABSENT by gate :: OC-SORT/0.40/TARGET_REFERENCE_ABSENT,1,1,02_CURRENT_FACTS.md:291,1024.0,1024.0,NO,AGREES
DanceTrack REFERENCE_ABSENT by gate :: OC-SORT/0.50/TARGET_REFERENCE_ABSENT,1,1,02_CURRENT_FACTS.md:291,1007.0,1007.0,NO,AGREES
DanceTrack REFERENCE_ABSENT by gate :: OC-SORT/0.60/TARGET_REFERENCE_ABSENT,1,1,02_CURRENT_FACTS.md:291,930.0,930.0,NO,AGREES
DanceTrack REFERENCE_ABSENT by gate :: OC-SORT/0.70/TARGET_REFERENCE_ABSENT,1,1,02_CURRENT_FACTS.md:291,683.0,683.0,NO,AGREES
DanceTrack REFERENCE_ABSENT by gate :: OC-SORT/persistent_ABS,1,1,02_CURRENT_FACTS.md:291,683.0,683.0,NO,AGREES
DanceTrack row-local support :: ByteTrack/ALL_NON_ADMITTED/n,1,1,02_CURRENT_FACTS.md:322,5827.0,5827.0,NO,AGREES
DanceTrack row-local support :: ByteTrack/ALL_NON_ADMITTED/pct_between,1,1,02_CURRENT_FACTS.md:322,37.86,37.8582,NO,AGREES
DanceTrack row-local support :: ByteTrack/ALL_NON_ADMITTED/pct_ge,1,1,02_CURRENT_FACTS.md:322,62.04,62.0388,NO,AGREES
DanceTrack row-local support :: ByteTrack/ALL_NON_ADMITTED/pct_zero,1,1,02_CURRENT_FACTS.md:322,0.1,0.103,NO,AGREES
DanceTrack row-local support :: ByteTrack/ANCHOR_ID_MISMATCH/n,1,1,02_CURRENT_FACTS.md:320,1642.0,1642.0,NO,AGREES
DanceTrack row-local support :: ByteTrack/ANCHOR_ID_MISMATCH/pct_between,1,1,02_CURRENT_FACTS.md:320,13.82,13.8246,NO,AGREES
DanceTrack row-local support :: ByteTrack/ANCHOR_ID_MISMATCH/pct_ge,1,1,02_CURRENT_FACTS.md:320,86.18,86.1754,NO,AGREES
DanceTrack row-local support :: ByteTrack/ANCHOR_ID_MISMATCH/pct_zero,1,1,02_CURRENT_FACTS.md:320,0.0,0.0,NO,AGREES
DanceTrack row-local support :: ByteTrack/ANCHOR_UNMATCHED/n,1,1,02_CURRENT_FACTS.md:319,3659.0,3659.0,NO,AGREES
DanceTrack row-local support :: ByteTrack/ANCHOR_UNMATCHED/pct_between,1,1,02_CURRENT_FACTS.md:319,48.48,48.4832,NO,AGREES
DanceTrack row-local support :: ByteTrack/ANCHOR_UNMATCHED/pct_ge,1,1,02_CURRENT_FACTS.md:319,51.35,51.3528,NO,AGREES
DanceTrack row-local support :: ByteTrack/ANCHOR_UNMATCHED/pct_zero,1,1,02_CURRENT_FACTS.md:319,0.16,0.164,NO,AGREES
DanceTrack row-local support :: ByteTrack/SEMANTICALLY_ADMITTED/n,1,1,02_CURRENT_FACTS.md:318,2684.0,2684.0,NO,AGREES
DanceTrack row-local support :: ByteTrack/SEMANTICALLY_ADMITTED/pct_between,1,1,02_CURRENT_FACTS.md:318,2.61,2.608,NO,AGREES
DanceTrack row-local support :: ByteTrack/SEMANTICALLY_ADMITTED/pct_ge,1,1,02_CURRENT_FACTS.md:318,97.39,97.392,NO,AGREES
DanceTrack row-local support :: ByteTrack/SEMANTICALLY_ADMITTED/pct_zero,1,1,02_CURRENT_FACTS.md:318,0.0,0.0,NO,AGREES
DanceTrack row-local support :: ByteTrack/TARGET_REFERENCE_ABSENT/n,1,1,02_CURRENT_FACTS.md:321,526.0,526.0,NO,AGREES
DanceTrack row-local support :: ByteTrack/TARGET_REFERENCE_ABSENT/pct_between,1,1,02_CURRENT_FACTS.md:321,38.97,38.9734,NO,AGREES
DanceTrack row-local support :: ByteTrack/TARGET_REFERENCE_ABSENT/pct_ge,1,1,02_CURRENT_FACTS.md:321,61.03,61.0266,NO,AGREES
DanceTrack row-local support :: ByteTrack/TARGET_REFERENCE_ABSENT/pct_zero,1,1,02_CURRENT_FACTS.md:321,0.0,0.0,NO,AGREES
DanceTrack row-local support :: Deep-OC-SORT/ALL_NON_ADMITTED/n,1,1,02_CURRENT_FACTS.md:332,5894.0,5894.0,NO,AGREES
DanceTrack row-local support :: Deep-OC-SORT/ALL_NON_ADMITTED/pct_between,1,1,02_CURRENT_FACTS.md:332,28.13,28.1303,NO,AGREES
DanceTrack row-local support :: Deep-OC-SORT/ALL_NON_ADMITTED/pct_ge,1,1,02_CURRENT_FACTS.md:332,71.82,71.8188,NO,AGREES
DanceTrack row-local support :: Deep-OC-SORT/ALL_NON_ADMITTED/pct_zero,1,1,02_CURRENT_FACTS.md:332,0.05,0.0509,NO,AGREES
DanceTrack row-local support :: Deep-OC-SORT/ANCHOR_ID_MISMATCH/n,1,1,02_CURRENT_FACTS.md:330,2790.0,2790.0,NO,AGREES
DanceTrack row-local support :: Deep-OC-SORT/ANCHOR_ID_MISMATCH/pct_between,1,1,02_CURRENT_FACTS.md:330,12.33,12.3297,NO,AGREES
DanceTrack row-local support :: Deep-OC-SORT/ANCHOR_ID_MISMATCH/pct_ge,1,1,02_CURRENT_FACTS.md:330,87.56,87.5627,NO,AGREES
DanceTrack row-local support :: Deep-OC-SORT/ANCHOR_ID_MISMATCH/pct_zero,1,1,02_CURRENT_FACTS.md:330,0.11,0.1075,NO,AGREES
DanceTrack row-local support :: Deep-OC-SORT/ANCHOR_UNMATCHED/n,1,1,02_CURRENT_FACTS.md:329,2015.0,2015.0,NO,AGREES
DanceTrack row-local support :: Deep-OC-SORT/ANCHOR_UNMATCHED/pct_between,1,1,02_CURRENT_FACTS.md:329,41.24,41.2407,NO,AGREES
DanceTrack row-local support :: Deep-OC-SORT/ANCHOR_UNMATCHED/pct_ge,1,1,02_CURRENT_FACTS.md:329,58.76,58.7593,NO,AGREES
DanceTrack row-local support :: Deep-OC-SORT/ANCHOR_UNMATCHED/pct_zero,1,1,02_CURRENT_FACTS.md:329,0.0,0.0,NO,AGREES
DanceTrack row-local support :: Deep-OC-SORT/SEMANTICALLY_ADMITTED/n,1,1,02_CURRENT_FACTS.md:328,8128.0,8128.0,NO,AGREES
DanceTrack row-local support :: Deep-OC-SORT/SEMANTICALLY_ADMITTED/pct_between,1,1,02_CURRENT_FACTS.md:328,2.26,2.2638,NO,AGREES
DanceTrack row-local support :: Deep-OC-SORT/SEMANTICALLY_ADMITTED/pct_ge,1,1,02_CURRENT_FACTS.md:328,97.74,97.7362,NO,AGREES
DanceTrack row-local support :: Deep-OC-SORT/SEMANTICALLY_ADMITTED/pct_zero,1,1,02_CURRENT_FACTS.md:328,0.0,0.0,NO,AGREES
DanceTrack row-local support :: Deep-OC-SORT/TARGET_REFERENCE_ABSENT/n,1,1,02_CURRENT_FACTS.md:331,1089.0,1089.0,NO,AGREES
DanceTrack row-local support :: Deep-OC-SORT/TARGET_REFERENCE_ABSENT/pct_between,1,1,02_CURRENT_FACTS.md:331,44.35,44.3526,NO,AGREES
DanceTrack row-local support :: Deep-OC-SORT/TARGET_REFERENCE_ABSENT/pct_ge,1,1,02_CURRENT_FACTS.md:331,55.65,55.6474,NO,AGREES
DanceTrack row-local support :: Deep-OC-SORT/TARGET_REFERENCE_ABSENT/pct_zero,1,1,02_CURRENT_FACTS.md:331,0.0,0.0,NO,AGREES
DanceTrack row-local support :: Hybrid-SORT/ALL_NON_ADMITTED/n,1,1,02_CURRENT_FACTS.md:337,7976.0,7976.0,NO,AGREES
DanceTrack row-local support :: Hybrid-SORT/ALL_NON_ADMITTED/pct_between,1,1,02_CURRENT_FACTS.md:337,35.72,35.7197,NO,AGREES
DanceTrack row-local support :: Hybrid-SORT/ALL_NON_ADMITTED/pct_ge,1,1,02_CURRENT_FACTS.md:337,64.05,64.0547,NO,AGREES
DanceTrack row-local support :: Hybrid-SORT/ALL_NON_ADMITTED/pct_zero,1,1,02_CURRENT_FACTS.md:337,0.23,0.2257,NO,AGREES
DanceTrack row-local support :: Hybrid-SORT/ANCHOR_ID_MISMATCH/n,1,1,02_CURRENT_FACTS.md:335,1941.0,1941.0,NO,AGREES
DanceTrack row-local support :: Hybrid-SORT/ANCHOR_ID_MISMATCH/pct_between,1,1,02_CURRENT_FACTS.md:335,11.7,11.695,NO,AGREES
DanceTrack row-local support :: Hybrid-SORT/ANCHOR_ID_MISMATCH/pct_ge,1,1,02_CURRENT_FACTS.md:335,87.69,87.6868,NO,AGREES
DanceTrack row-local support :: Hybrid-SORT/ANCHOR_ID_MISMATCH/pct_zero,1,1,02_CURRENT_FACTS.md:335,0.62,0.6182,NO,AGREES
DanceTrack row-local support :: Hybrid-SORT/ANCHOR_UNMATCHED/n,1,1,02_CURRENT_FACTS.md:334,5206.0,5206.0,NO,AGREES
DanceTrack row-local support :: Hybrid-SORT/ANCHOR_UNMATCHED/pct_between,1,1,02_CURRENT_FACTS.md:334,45.24,45.2363,NO,AGREES
DanceTrack row-local support :: Hybrid-SORT/ANCHOR_UNMATCHED/pct_ge,1,1,02_CURRENT_FACTS.md:334,54.71,54.7061,NO,AGREES
DanceTrack row-local support :: Hybrid-SORT/ANCHOR_UNMATCHED/pct_zero,1,1,02_CURRENT_FACTS.md:334,0.06,0.0576,NO,AGREES
DanceTrack row-local support :: Hybrid-SORT/SEMANTICALLY_ADMITTED/n,1,1,02_CURRENT_FACTS.md:333,4482.0,4482.0,NO,AGREES
DanceTrack row-local support :: Hybrid-SORT/SEMANTICALLY_ADMITTED/pct_between,1,1,02_CURRENT_FACTS.md:333,1.78,1.7849,NO,AGREES
DanceTrack row-local support :: Hybrid-SORT/SEMANTICALLY_ADMITTED/pct_ge,1,1,02_CURRENT_FACTS.md:333,98.22,98.2151,NO,AGREES
DanceTrack row-local support :: Hybrid-SORT/SEMANTICALLY_ADMITTED/pct_zero,1,1,02_CURRENT_FACTS.md:333,0.0,0.0,NO,AGREES
DanceTrack row-local support :: Hybrid-SORT/TARGET_REFERENCE_ABSENT/n,1,1,02_CURRENT_FACTS.md:336,829.0,829.0,NO,AGREES
DanceTrack row-local support :: Hybrid-SORT/TARGET_REFERENCE_ABSENT/pct_between,1,1,02_CURRENT_FACTS.md:336,32.21,32.2075,NO,AGREES
DanceTrack row-local support :: Hybrid-SORT/TARGET_REFERENCE_ABSENT/pct_ge,1,1,02_CURRENT_FACTS.md:336,67.43,67.4306,NO,AGREES
DanceTrack row-local support :: Hybrid-SORT/TARGET_REFERENCE_ABSENT/pct_zero,1,1,02_CURRENT_FACTS.md:336,0.36,0.3619,NO,AGREES
DanceTrack row-local support :: OC-SORT/ALL_NON_ADMITTED/n,1,1,02_CURRENT_FACTS.md:327,7162.0,7162.0,NO,AGREES
DanceTrack row-local support :: OC-SORT/ALL_NON_ADMITTED/pct_between,1,1,02_CURRENT_FACTS.md:327,26.25,26.2497,NO,AGREES
DanceTrack row-local support :: OC-SORT/ALL_NON_ADMITTED/pct_ge,1,1,02_CURRENT_FACTS.md:327,73.54,73.5409,NO,AGREES
DanceTrack row-local support :: OC-SORT/ALL_NON_ADMITTED/pct_zero,1,1,02_CURRENT_FACTS.md:327,0.21,0.2094,NO,AGREES
DanceTrack row-local support :: OC-SORT/ANCHOR_ID_MISMATCH/n,1,1,02_CURRENT_FACTS.md:325,3817.0,3817.0,NO,AGREES
DanceTrack row-local support :: OC-SORT/ANCHOR_ID_MISMATCH/pct_between,1,1,02_CURRENT_FACTS.md:325,11.68,11.6846,NO,AGREES
DanceTrack row-local support :: OC-SORT/ANCHOR_ID_MISMATCH/pct_ge,1,1,02_CURRENT_FACTS.md:325,87.92,87.9225,NO,AGREES
DanceTrack row-local support :: OC-SORT/ANCHOR_ID_MISMATCH/pct_zero,1,1,02_CURRENT_FACTS.md:325,0.39,0.393,NO,AGREES
DanceTrack row-local support :: OC-SORT/ANCHOR_UNMATCHED/n,1,1,02_CURRENT_FACTS.md:324,2338.0,2338.0,NO,AGREES
DanceTrack row-local support :: OC-SORT/ANCHOR_UNMATCHED/pct_between,1,1,02_CURRENT_FACTS.md:324,42.56,42.5577,NO,AGREES
DanceTrack row-local support :: OC-SORT/ANCHOR_UNMATCHED/pct_ge,1,1,02_CURRENT_FACTS.md:324,57.44,57.4423,NO,AGREES
DanceTrack row-local support :: OC-SORT/ANCHOR_UNMATCHED/pct_zero,1,1,02_CURRENT_FACTS.md:324,0.0,0.0,NO,AGREES
DanceTrack row-local support :: OC-SORT/SEMANTICALLY_ADMITTED/n,1,1,02_CURRENT_FACTS.md:323,7941.0,7941.0,NO,AGREES
DanceTrack row-local support :: OC-SORT/SEMANTICALLY_ADMITTED/pct_between,1,1,02_CURRENT_FACTS.md:323,1.79,1.7882,NO,AGREES
DanceTrack row-local support :: OC-SORT/SEMANTICALLY_ADMITTED/pct_ge,1,1,02_CURRENT_FACTS.md:323,98.21,98.2118,NO,AGREES
DanceTrack row-local support :: OC-SORT/SEMANTICALLY_ADMITTED/pct_zero,1,1,02_CURRENT_FACTS.md:323,0.0,0.0,NO,AGREES
DanceTrack row-local support :: OC-SORT/TARGET_REFERENCE_ABSENT/n,1,1,02_CURRENT_FACTS.md:326,1007.0,1007.0,NO,AGREES
DanceTrack row-local support :: OC-SORT/TARGET_REFERENCE_ABSENT/pct_between,1,1,02_CURRENT_FACTS.md:326,43.59,43.5948,NO,AGREES
DanceTrack row-local support :: OC-SORT/TARGET_REFERENCE_ABSENT/pct_ge,1,1,02_CURRENT_FACTS.md:326,56.41,56.4052,NO,AGREES
DanceTrack row-local support :: OC-SORT/TARGET_REFERENCE_ABSENT/pct_zero,1,1,02_CURRENT_FACTS.md:326,0.0,0.0,NO,AGREES
GSI three-state transitions :: ByteTrack/L_GSI -> GSI/INSERTED,1,1,02_CURRENT_FACTS.md:420,0.0,0.0,NO,AGREES
GSI three-state transitions :: ByteTrack/L_GSI -> GSI/coord_pct,1,1,02_CURRENT_FACTS.md:420,59.74,59.7374,NO,AGREES
GSI three-state transitions :: ByteTrack/L_GSI -> GSI/coord_rewrites,1,1,02_CURRENT_FACTS.md:420,134528.0,134528.0,NO,AGREES
GSI three-state transitions :: ByteTrack/L_GSI -> GSI/deleted,1,1,02_CURRENT_FACTS.md:420,0.0,0.0,NO,AGREES
GSI three-state transitions :: ByteTrack/R0->L_GSI/INSERTED,1,1,02_CURRENT_FACTS.md:419,8889.0,8889.0,NO,AGREES
GSI three-state transitions :: ByteTrack/R0->L_GSI/coord_rewrites,1,1,02_CURRENT_FACTS.md:419,0.0,0.0,NO,AGREES
GSI three-state transitions :: ByteTrack/R0->L_GSI/deleted,1,1,02_CURRENT_FACTS.md:419,0.0,0.0,NO,AGREES
GSI three-state transitions :: ByteTrack/R0->L_GSI/id_changes,1,1,02_CURRENT_FACTS.md:419,0.0,0.0,NO,AGREES
GSI three-state transitions :: ByteTrack/R0->L_GSI/score_rewrites,1,1,02_CURRENT_FACTS.md:419,0.0,0.0,NO,AGREES
GSI three-state transitions :: Deep-OC-SORT/L_GSI -> GSI/INSERTED,1,1,02_CURRENT_FACTS.md:422,0.0,0.0,NO,AGREES
GSI three-state transitions :: Deep-OC-SORT/L_GSI -> GSI/coord_pct,1,1,02_CURRENT_FACTS.md:422,62.43,62.4304,NO,AGREES
GSI three-state transitions :: Deep-OC-SORT/L_GSI -> GSI/coord_rewrites,1,1,02_CURRENT_FACTS.md:422,136145.0,136145.0,NO,AGREES
GSI three-state transitions :: Deep-OC-SORT/L_GSI -> GSI/deleted,1,1,02_CURRENT_FACTS.md:422,0.0,0.0,NO,AGREES
GSI three-state transitions :: Deep-OC-SORT/R0->L_GSI/INSERTED,1,1,02_CURRENT_FACTS.md:419,14926.0,14926.0,NO,AGREES
GSI three-state transitions :: Deep-OC-SORT/R0->L_GSI/coord_rewrites,1,1,02_CURRENT_FACTS.md:419,0.0,0.0,NO,AGREES
GSI three-state transitions :: Deep-OC-SORT/R0->L_GSI/deleted,1,1,02_CURRENT_FACTS.md:419,0.0,0.0,NO,AGREES
GSI three-state transitions :: Deep-OC-SORT/R0->L_GSI/id_changes,1,1,02_CURRENT_FACTS.md:419,0.0,0.0,NO,AGREES
GSI three-state transitions :: Deep-OC-SORT/R0->L_GSI/score_rewrites,1,1,02_CURRENT_FACTS.md:419,0.0,0.0,NO,AGREES
GSI three-state transitions :: Hybrid-SORT/L_GSI -> GSI/INSERTED,1,1,02_CURRENT_FACTS.md:423,0.0,0.0,NO,AGREES
GSI three-state transitions :: Hybrid-SORT/L_GSI -> GSI/coord_pct,1,1,02_CURRENT_FACTS.md:423,58.24,58.2376,NO,AGREES
GSI three-state transitions :: Hybrid-SORT/L_GSI -> GSI/coord_rewrites,1,1,02_CURRENT_FACTS.md:423,133187.0,133187.0,NO,AGREES
GSI three-state transitions :: Hybrid-SORT/L_GSI -> GSI/deleted,1,1,02_CURRENT_FACTS.md:423,0.0,0.0,NO,AGREES
GSI three-state transitions :: Hybrid-SORT/R0->L_GSI/INSERTED,1,1,02_CURRENT_FACTS.md:419,13303.0,13303.0,NO,AGREES
GSI three-state transitions :: Hybrid-SORT/R0->L_GSI/coord_rewrites,1,1,02_CURRENT_FACTS.md:419,0.0,0.0,NO,AGREES
GSI three-state transitions :: Hybrid-SORT/R0->L_GSI/deleted,1,1,02_CURRENT_FACTS.md:419,0.0,0.0,NO,AGREES
GSI three-state transitions :: Hybrid-SORT/R0->L_GSI/id_changes,1,1,02_CURRENT_FACTS.md:419,0.0,0.0,NO,AGREES
GSI three-state transitions :: Hybrid-SORT/R0->L_GSI/score_rewrites,1,1,02_CURRENT_FACTS.md:419,0.0,0.0,NO,AGREES
GSI three-state transitions :: OC-SORT/L_GSI -> GSI/INSERTED,1,1,02_CURRENT_FACTS.md:421,0.0,0.0,NO,AGREES
GSI three-state transitions :: OC-SORT/L_GSI -> GSI/coord_pct,1,1,02_CURRENT_FACTS.md:421,68.77,68.7746,NO,AGREES
GSI three-state transitions :: OC-SORT/L_GSI -> GSI/coord_rewrites,1,1,02_CURRENT_FACTS.md:421,150335.0,150335.0,NO,AGREES
GSI three-state transitions :: OC-SORT/L_GSI -> GSI/deleted,1,1,02_CURRENT_FACTS.md:421,0.0,0.0,NO,AGREES
GSI three-state transitions :: OC-SORT/R0->L_GSI/INSERTED,1,1,02_CURRENT_FACTS.md:419,15804.0,15804.0,NO,AGREES
GSI three-state transitions :: OC-SORT/R0->L_GSI/coord_rewrites,1,1,02_CURRENT_FACTS.md:419,0.0,0.0,NO,AGREES
GSI three-state transitions :: OC-SORT/R0->L_GSI/deleted,1,1,02_CURRENT_FACTS.md:419,0.0,0.0,NO,AGREES
GSI three-state transitions :: OC-SORT/R0->L_GSI/id_changes,1,1,02_CURRENT_FACTS.md:419,0.0,0.0,NO,AGREES
GSI three-state transitions :: OC-SORT/R0->L_GSI/score_rewrites,1,1,02_CURRENT_FACTS.md:419,0.0,0.0,NO,AGREES
MOT17 composition @0.50 :: BoT-SORT/ANCHOR_ID_MISMATCH,2,2,02_CURRENT_FACTS.md:20 ; 19_RESULTS_MOT17_FACT_PACKET.md:22,227.0,227.0,YES,AGREES
MOT17 composition @0.50 :: BoT-SORT/ANCHOR_UNMATCHED,2,2,02_CURRENT_FACTS.md:20 ; 19_RESULTS_MOT17_FACT_PACKET.md:22,576.0,576.0,YES,AGREES
MOT17 composition @0.50 :: BoT-SORT/GATE_STABLE_NONADM,1,1,19_RESULTS_MOT17_FACT_PACKET.md:22,634.0,634.0,NO,AGREES
MOT17 composition @0.50 :: BoT-SORT/GATE_STABLE_PCT,1,1,19_RESULTS_MOT17_FACT_PACKET.md:22,30.3349,30.3349,NO,AGREES
MOT17 composition @0.50 :: BoT-SORT/NON_ADMITTED,2,2,02_CURRENT_FACTS.md:20 ; 19_RESULTS_MOT17_FACT_PACKET.md:22,803.0,803.0,YES,AGREES
MOT17 composition @0.50 :: BoT-SORT/NON_ADMITTED_PCT,2,2,02_CURRENT_FACTS.md:20 ; 19_RESULTS_MOT17_FACT_PACKET.md:22,38.4211,38.4211,YES,AGREES
MOT17 composition @0.50 :: BoT-SORT/SEMANTICALLY_ADMITTED,2,2,02_CURRENT_FACTS.md:20 ; 19_RESULTS_MOT17_FACT_PACKET.md:22,1287.0,1287.0,YES,AGREES
MOT17 composition @0.50 :: BoT-SORT/SYNTHESIZED,2,2,02_CURRENT_FACTS.md:20 ; 19_RESULTS_MOT17_FACT_PACKET.md:22,2090.0,2090.0,YES,AGREES
MOT17 composition @0.50 :: BoT-SORT/TARGET_REFERENCE_ABSENT,2,2,02_CURRENT_FACTS.md:20 ; 19_RESULTS_MOT17_FACT_PACKET.md:22,0.0,0.0,YES,AGREES
MOT17 composition @0.50 :: ByteTrack/ANCHOR_ID_MISMATCH,2,2,02_CURRENT_FACTS.md:21 ; 19_RESULTS_MOT17_FACT_PACKET.md:23,244.0,244.0,YES,AGREES
MOT17 composition @0.50 :: ByteTrack/ANCHOR_UNMATCHED,2,2,02_CURRENT_FACTS.md:21 ; 19_RESULTS_MOT17_FACT_PACKET.md:23,604.0,604.0,YES,AGREES
MOT17 composition @0.50 :: ByteTrack/GATE_STABLE_NONADM,1,1,19_RESULTS_MOT17_FACT_PACKET.md:23,694.0,694.0,NO,AGREES
MOT17 composition @0.50 :: ByteTrack/GATE_STABLE_PCT,1,1,19_RESULTS_MOT17_FACT_PACKET.md:23,33.4942,33.4942,NO,AGREES
MOT17 composition @0.50 :: ByteTrack/NON_ADMITTED,2,2,02_CURRENT_FACTS.md:21 ; 19_RESULTS_MOT17_FACT_PACKET.md:23,848.0,848.0,YES,AGREES
MOT17 composition @0.50 :: ByteTrack/NON_ADMITTED_PCT,2,2,02_CURRENT_FACTS.md:21 ; 19_RESULTS_MOT17_FACT_PACKET.md:23,40.9266,40.9266,YES,AGREES
MOT17 composition @0.50 :: ByteTrack/SEMANTICALLY_ADMITTED,2,2,02_CURRENT_FACTS.md:21 ; 19_RESULTS_MOT17_FACT_PACKET.md:23,1224.0,1224.0,YES,AGREES
MOT17 composition @0.50 :: ByteTrack/SYNTHESIZED,2,2,02_CURRENT_FACTS.md:21 ; 19_RESULTS_MOT17_FACT_PACKET.md:23,2072.0,2072.0,YES,AGREES
MOT17 composition @0.50 :: ByteTrack/TARGET_REFERENCE_ABSENT,2,2,02_CURRENT_FACTS.md:21 ; 19_RESULTS_MOT17_FACT_PACKET.md:23,0.0,0.0,YES,AGREES
MOT17 composition @0.50 :: Deep-OC-SORT/ANCHOR_ID_MISMATCH,2,2,02_CURRENT_FACTS.md:18 ; 19_RESULTS_MOT17_FACT_PACKET.md:20,286.0,286.0,YES,AGREES
MOT17 composition @0.50 :: Deep-OC-SORT/ANCHOR_UNMATCHED,2,2,02_CURRENT_FACTS.md:18 ; 19_RESULTS_MOT17_FACT_PACKET.md:20,570.0,570.0,YES,AGREES
MOT17 composition @0.50 :: Deep-OC-SORT/GATE_STABLE_NONADM,1,1,19_RESULTS_MOT17_FACT_PACKET.md:20,694.0,694.0,NO,AGREES
MOT17 composition @0.50 :: Deep-OC-SORT/GATE_STABLE_PCT,1,1,19_RESULTS_MOT17_FACT_PACKET.md:20,23.4459,23.4459,NO,AGREES
MOT17 composition @0.50 :: Deep-OC-SORT/NON_ADMITTED,2,2,02_CURRENT_FACTS.md:18 ; 19_RESULTS_MOT17_FACT_PACKET.md:20,856.0,856.0,YES,AGREES
MOT17 composition @0.50 :: Deep-OC-SORT/NON_ADMITTED_PCT,2,2,02_CURRENT_FACTS.md:18 ; 19_RESULTS_MOT17_FACT_PACKET.md:20,28.9189,28.9189,YES,AGREES
MOT17 composition @0.50 :: Deep-OC-SORT/SEMANTICALLY_ADMITTED,2,2,02_CURRENT_FACTS.md:18 ; 19_RESULTS_MOT17_FACT_PACKET.md:20,2104.0,2104.0,YES,AGREES
MOT17 composition @0.50 :: Deep-OC-SORT/SYNTHESIZED,2,2,02_CURRENT_FACTS.md:18 ; 19_RESULTS_MOT17_FACT_PACKET.md:20,2960.0,2960.0,YES,AGREES
MOT17 composition @0.50 :: Deep-OC-SORT/TARGET_REFERENCE_ABSENT,2,2,02_CURRENT_FACTS.md:18 ; 19_RESULTS_MOT17_FACT_PACKET.md:20,0.0,0.0,YES,AGREES
MOT17 composition @0.50 :: Hybrid-SORT/ANCHOR_ID_MISMATCH,2,2,02_CURRENT_FACTS.md:22 ; 19_RESULTS_MOT17_FACT_PACKET.md:24,216.0,216.0,YES,AGREES
MOT17 composition @0.50 :: Hybrid-SORT/ANCHOR_UNMATCHED,2,2,02_CURRENT_FACTS.md:22 ; 19_RESULTS_MOT17_FACT_PACKET.md:24,1266.0,1266.0,YES,AGREES
MOT17 composition @0.50 :: Hybrid-SORT/GATE_STABLE_NONADM,1,1,19_RESULTS_MOT17_FACT_PACKET.md:24,1327.0,1327.0,NO,AGREES
MOT17 composition @0.50 :: Hybrid-SORT/GATE_STABLE_PCT,1,1,19_RESULTS_MOT17_FACT_PACKET.md:24,43.8968,43.8968,NO,AGREES
MOT17 composition @0.50 :: Hybrid-SORT/NON_ADMITTED,2,2,02_CURRENT_FACTS.md:22 ; 19_RESULTS_MOT17_FACT_PACKET.md:24,1482.0,1482.0,YES,AGREES
MOT17 composition @0.50 :: Hybrid-SORT/NON_ADMITTED_PCT,2,2,02_CURRENT_FACTS.md:22 ; 19_RESULTS_MOT17_FACT_PACKET.md:24,49.0241,49.0241,YES,AGREES
MOT17 composition @0.50 :: Hybrid-SORT/SEMANTICALLY_ADMITTED,2,2,02_CURRENT_FACTS.md:22 ; 19_RESULTS_MOT17_FACT_PACKET.md:24,1541.0,1541.0,YES,AGREES
MOT17 composition @0.50 :: Hybrid-SORT/SYNTHESIZED,2,2,02_CURRENT_FACTS.md:22 ; 19_RESULTS_MOT17_FACT_PACKET.md:24,3023.0,3023.0,YES,AGREES
MOT17 composition @0.50 :: Hybrid-SORT/TARGET_REFERENCE_ABSENT,2,2,02_CURRENT_FACTS.md:22 ; 19_RESULTS_MOT17_FACT_PACKET.md:24,0.0,0.0,YES,AGREES
MOT17 composition @0.50 :: OC-SORT/ANCHOR_ID_MISMATCH,2,2,02_CURRENT_FACTS.md:19 ; 19_RESULTS_MOT17_FACT_PACKET.md:21,375.0,375.0,YES,AGREES
MOT17 composition @0.50 :: OC-SORT/ANCHOR_UNMATCHED,2,2,02_CURRENT_FACTS.md:19 ; 19_RESULTS_MOT17_FACT_PACKET.md:21,408.0,408.0,YES,AGREES
MOT17 composition @0.50 :: OC-SORT/GATE_STABLE_NONADM,1,1,19_RESULTS_MOT17_FACT_PACKET.md:21,666.0,666.0,NO,AGREES
MOT17 composition @0.50 :: OC-SORT/GATE_STABLE_PCT,1,1,19_RESULTS_MOT17_FACT_PACKET.md:21,25.4005,25.4005,NO,AGREES
MOT17 composition @0.50 :: OC-SORT/NON_ADMITTED,2,2,02_CURRENT_FACTS.md:19 ; 19_RESULTS_MOT17_FACT_PACKET.md:21,783.0,783.0,YES,AGREES
MOT17 composition @0.50 :: OC-SORT/NON_ADMITTED_PCT,2,2,02_CURRENT_FACTS.md:19 ; 19_RESULTS_MOT17_FACT_PACKET.md:21,29.8627,29.8627,YES,AGREES
MOT17 composition @0.50 :: OC-SORT/SEMANTICALLY_ADMITTED,2,2,02_CURRENT_FACTS.md:19 ; 19_RESULTS_MOT17_FACT_PACKET.md:21,1839.0,1839.0,YES,AGREES
MOT17 composition @0.50 :: OC-SORT/SYNTHESIZED,2,2,02_CURRENT_FACTS.md:19 ; 19_RESULTS_MOT17_FACT_PACKET.md:21,2622.0,2622.0,YES,AGREES
MOT17 composition @0.50 :: OC-SORT/TARGET_REFERENCE_ABSENT,2,2,02_CURRENT_FACTS.md:19 ; 19_RESULTS_MOT17_FACT_PACKET.md:21,0.0,0.0,YES,AGREES
MOT17 gate stability :: BoT-SORT/GATE_STABLE_NONADM,1,1,02_CURRENT_FACTS.md:32,634.0,634.0,NO,AGREES
MOT17 gate stability :: BoT-SORT/NON_ADMITTED_PCT,1,1,02_CURRENT_FACTS.md:32,30.3349,30.3349,NO,AGREES
MOT17 gate stability :: BoT-SORT/gate-stable admitted,1,1,02_CURRENT_FACTS.md:32,882.0,882.0,NO,AGREES
MOT17 gate stability :: BoT-SORT/persistent ID_MISMATCH,1,1,02_CURRENT_FACTS.md:32,87.0,87.0,NO,AGREES
MOT17 gate stability :: BoT-SORT/persistent REFERENCE_ABSENT,1,1,02_CURRENT_FACTS.md:32,0.0,0.0,NO,AGREES
MOT17 gate stability :: BoT-SORT/persistent UNMATCHED,1,1,02_CURRENT_FACTS.md:32,369.0,369.0,NO,AGREES
MOT17 gate stability :: BoT-SORT/switching,1,1,02_CURRENT_FACTS.md:32,574.0,574.0,NO,AGREES
MOT17 gate stability :: ByteTrack/GATE_STABLE_NONADM,1,1,02_CURRENT_FACTS.md:33,694.0,694.0,NO,AGREES
MOT17 gate stability :: ByteTrack/NON_ADMITTED_PCT,1,1,02_CURRENT_FACTS.md:33,33.4942,33.4942,NO,AGREES
MOT17 gate stability :: ByteTrack/gate-stable admitted,1,1,02_CURRENT_FACTS.md:33,824.0,824.0,NO,AGREES
MOT17 gate stability :: ByteTrack/persistent ID_MISMATCH,1,1,02_CURRENT_FACTS.md:33,77.0,77.0,NO,AGREES
MOT17 gate stability :: ByteTrack/persistent REFERENCE_ABSENT,1,1,02_CURRENT_FACTS.md:33,0.0,0.0,NO,AGREES
MOT17 gate stability :: ByteTrack/persistent UNMATCHED,1,1,02_CURRENT_FACTS.md:33,417.0,417.0,NO,AGREES
MOT17 gate stability :: ByteTrack/switching,1,1,02_CURRENT_FACTS.md:33,554.0,554.0,NO,AGREES
MOT17 gate stability :: Deep-OC-SORT/GATE_STABLE_NONADM,1,1,02_CURRENT_FACTS.md:30,694.0,694.0,NO,AGREES
MOT17 gate stability :: Deep-OC-SORT/NON_ADMITTED_PCT,1,1,02_CURRENT_FACTS.md:30,23.4459,23.4459,NO,AGREES
MOT17 gate stability :: Deep-OC-SORT/gate-stable admitted,1,1,02_CURRENT_FACTS.md:30,1244.0,1244.0,NO,AGREES
MOT17 gate stability :: Deep-OC-SORT/persistent ID_MISMATCH,1,1,02_CURRENT_FACTS.md:30,178.0,178.0,NO,AGREES
MOT17 gate stability :: Deep-OC-SORT/persistent REFERENCE_ABSENT,1,1,02_CURRENT_FACTS.md:30,0.0,0.0,NO,AGREES
MOT17 gate stability :: Deep-OC-SORT/persistent UNMATCHED,1,1,02_CURRENT_FACTS.md:30,370.0,370.0,NO,AGREES
MOT17 gate stability :: Deep-OC-SORT/switching,1,1,02_CURRENT_FACTS.md:30,1022.0,1022.0,NO,AGREES
MOT17 gate stability :: Hybrid-SORT/GATE_STABLE_NONADM,1,1,02_CURRENT_FACTS.md:34,1327.0,1327.0,NO,AGREES
MOT17 gate stability :: Hybrid-SORT/NON_ADMITTED_PCT,1,1,02_CURRENT_FACTS.md:34,43.8968,43.8968,NO,AGREES
MOT17 gate stability :: Hybrid-SORT/gate-stable admitted,1,1,02_CURRENT_FACTS.md:34,942.0,942.0,NO,AGREES
MOT17 gate stability :: Hybrid-SORT/persistent ID_MISMATCH,1,1,02_CURRENT_FACTS.md:34,51.0,51.0,NO,AGREES
MOT17 gate stability :: Hybrid-SORT/persistent REFERENCE_ABSENT,1,1,02_CURRENT_FACTS.md:34,0.0,0.0,NO,AGREES
MOT17 gate stability :: Hybrid-SORT/persistent UNMATCHED,1,1,02_CURRENT_FACTS.md:34,1015.0,1015.0,NO,AGREES
MOT17 gate stability :: Hybrid-SORT/switching,1,1,02_CURRENT_FACTS.md:34,754.0,754.0,NO,AGREES
MOT17 gate stability :: OC-SORT/GATE_STABLE_NONADM,1,1,02_CURRENT_FACTS.md:31,666.0,666.0,NO,AGREES
MOT17 gate stability :: OC-SORT/NON_ADMITTED_PCT,1,1,02_CURRENT_FACTS.md:31,25.4005,25.4005,NO,AGREES
MOT17 gate stability :: OC-SORT/gate-stable admitted,1,1,02_CURRENT_FACTS.md:31,1151.0,1151.0,NO,AGREES
MOT17 gate stability :: OC-SORT/persistent ID_MISMATCH,1,1,02_CURRENT_FACTS.md:31,225.0,225.0,NO,AGREES
MOT17 gate stability :: OC-SORT/persistent REFERENCE_ABSENT,1,1,02_CURRENT_FACTS.md:31,0.0,0.0,NO,AGREES
MOT17 gate stability :: OC-SORT/persistent UNMATCHED,1,1,02_CURRENT_FACTS.md:31,261.0,261.0,NO,AGREES
MOT17 gate stability :: OC-SORT/switching,1,1,02_CURRENT_FACTS.md:31,805.0,805.0,NO,AGREES
MOT17 row-local support :: BoT-SORT/ANCHOR_ID_MISMATCH/n,1,1,02_CURRENT_FACTS.md:70,227.0,227.0,NO,AGREES
MOT17 row-local support :: BoT-SORT/ANCHOR_ID_MISMATCH/pct_between,1,1,02_CURRENT_FACTS.md:70,14.54,14.5374,NO,AGREES
MOT17 row-local support :: BoT-SORT/ANCHOR_ID_MISMATCH/pct_ge,1,1,02_CURRENT_FACTS.md:70,85.46,85.4626,NO,AGREES
MOT17 row-local support :: BoT-SORT/ANCHOR_ID_MISMATCH/pct_zero,1,1,02_CURRENT_FACTS.md:70,0.0,0.0,NO,AGREES
MOT17 row-local support :: BoT-SORT/ANCHOR_UNMATCHED/n,1,1,02_CURRENT_FACTS.md:69,576.0,576.0,NO,AGREES
MOT17 row-local support :: BoT-SORT/ANCHOR_UNMATCHED/pct_between,1,1,02_CURRENT_FACTS.md:69,41.15,41.1458,NO,AGREES
MOT17 row-local support :: BoT-SORT/ANCHOR_UNMATCHED/pct_ge,1,1,02_CURRENT_FACTS.md:69,44.27,44.2708,NO,AGREES
MOT17 row-local support :: BoT-SORT/ANCHOR_UNMATCHED/pct_zero,1,1,02_CURRENT_FACTS.md:69,14.58,14.5833,NO,AGREES
MOT17 row-local support :: BoT-SORT/SEMANTICALLY_ADMITTED/n,1,1,02_CURRENT_FACTS.md:68,1287.0,1287.0,NO,AGREES
MOT17 row-local support :: BoT-SORT/SEMANTICALLY_ADMITTED/pct_between,1,1,02_CURRENT_FACTS.md:68,2.25,2.2533,NO,AGREES
MOT17 row-local support :: BoT-SORT/SEMANTICALLY_ADMITTED/pct_ge,1,1,02_CURRENT_FACTS.md:68,97.75,97.7467,NO,AGREES
MOT17 row-local support :: BoT-SORT/SEMANTICALLY_ADMITTED/pct_zero,1,1,02_CURRENT_FACTS.md:68,0.0,0.0,NO,AGREES
MOT17 row-local support :: ByteTrack/ANCHOR_ID_MISMATCH/n,1,1,02_CURRENT_FACTS.md:73,244.0,244.0,NO,AGREES
MOT17 row-local support :: ByteTrack/ANCHOR_ID_MISMATCH/pct_between,1,1,02_CURRENT_FACTS.md:73,19.67,19.6721,NO,AGREES
MOT17 row-local support :: ByteTrack/ANCHOR_ID_MISMATCH/pct_ge,1,1,02_CURRENT_FACTS.md:73,80.33,80.3279,NO,AGREES
MOT17 row-local support :: ByteTrack/ANCHOR_ID_MISMATCH/pct_zero,1,1,02_CURRENT_FACTS.md:73,0.0,0.0,NO,AGREES
MOT17 row-local support :: ByteTrack/ANCHOR_UNMATCHED/n,1,1,02_CURRENT_FACTS.md:72,604.0,604.0,NO,AGREES
MOT17 row-local support :: ByteTrack/ANCHOR_UNMATCHED/pct_between,1,1,02_CURRENT_FACTS.md:72,41.72,41.7219,NO,AGREES
MOT17 row-local support :: ByteTrack/ANCHOR_UNMATCHED/pct_ge,1,1,02_CURRENT_FACTS.md:72,45.36,45.3642,NO,AGREES
MOT17 row-local support :: ByteTrack/ANCHOR_UNMATCHED/pct_zero,1,1,02_CURRENT_FACTS.md:72,12.91,12.9139,NO,AGREES
MOT17 row-local support :: ByteTrack/SEMANTICALLY_ADMITTED/n,1,1,02_CURRENT_FACTS.md:71,1224.0,1224.0,NO,AGREES
MOT17 row-local support :: ByteTrack/SEMANTICALLY_ADMITTED/pct_between,1,1,02_CURRENT_FACTS.md:71,1.88,1.8791,NO,AGREES
MOT17 row-local support :: ByteTrack/SEMANTICALLY_ADMITTED/pct_ge,1,1,02_CURRENT_FACTS.md:71,98.12,98.1209,NO,AGREES
MOT17 row-local support :: ByteTrack/SEMANTICALLY_ADMITTED/pct_zero,1,1,02_CURRENT_FACTS.md:71,0.0,0.0,NO,AGREES
MOT17 row-local support :: Deep-OC-SORT/ANCHOR_ID_MISMATCH/n,1,1,02_CURRENT_FACTS.md:76,286.0,286.0,NO,AGREES
MOT17 row-local support :: Deep-OC-SORT/ANCHOR_ID_MISMATCH/pct_between,1,1,02_CURRENT_FACTS.md:76,8.74,8.7413,NO,AGREES
MOT17 row-local support :: Deep-OC-SORT/ANCHOR_ID_MISMATCH/pct_ge,1,1,02_CURRENT_FACTS.md:76,87.76,87.7622,NO,AGREES
MOT17 row-local support :: Deep-OC-SORT/ANCHOR_ID_MISMATCH/pct_zero,1,1,02_CURRENT_FACTS.md:76,3.5,3.4965,NO,AGREES
MOT17 row-local support :: Deep-OC-SORT/ANCHOR_UNMATCHED/n,1,1,02_CURRENT_FACTS.md:75,570.0,570.0,NO,AGREES
MOT17 row-local support :: Deep-OC-SORT/ANCHOR_UNMATCHED/pct_between,1,1,02_CURRENT_FACTS.md:75,40.53,40.5263,NO,AGREES
MOT17 row-local support :: Deep-OC-SORT/ANCHOR_UNMATCHED/pct_ge,1,1,02_CURRENT_FACTS.md:75,39.82,39.8246,NO,AGREES
MOT17 row-local support :: Deep-OC-SORT/ANCHOR_UNMATCHED/pct_zero,1,1,02_CURRENT_FACTS.md:75,19.65,19.6491,NO,AGREES
MOT17 row-local support :: Deep-OC-SORT/SEMANTICALLY_ADMITTED/n,1,1,02_CURRENT_FACTS.md:74,2104.0,2104.0,NO,AGREES
MOT17 row-local support :: Deep-OC-SORT/SEMANTICALLY_ADMITTED/pct_between,1,1,02_CURRENT_FACTS.md:74,1.38,1.3783,NO,AGREES
MOT17 row-local support :: Deep-OC-SORT/SEMANTICALLY_ADMITTED/pct_ge,1,1,02_CURRENT_FACTS.md:74,98.57,98.5741,NO,AGREES
MOT17 row-local support :: Deep-OC-SORT/SEMANTICALLY_ADMITTED/pct_zero,1,1,02_CURRENT_FACTS.md:74,0.05,0.0475,NO,AGREES
MOT17 row-local support :: Hybrid-SORT/ANCHOR_ID_MISMATCH/n,1,1,02_CURRENT_FACTS.md:79,216.0,216.0,NO,AGREES
MOT17 row-local support :: Hybrid-SORT/ANCHOR_ID_MISMATCH/pct_between,1,1,02_CURRENT_FACTS.md:79,17.59,17.5926,NO,AGREES
MOT17 row-local support :: Hybrid-SORT/ANCHOR_ID_MISMATCH/pct_ge,1,1,02_CURRENT_FACTS.md:79,82.41,82.4074,NO,AGREES
MOT17 row-local support :: Hybrid-SORT/ANCHOR_ID_MISMATCH/pct_zero,1,1,02_CURRENT_FACTS.md:79,0.0,0.0,NO,AGREES
MOT17 row-local support :: Hybrid-SORT/ANCHOR_UNMATCHED/n,1,1,02_CURRENT_FACTS.md:78,1266.0,1266.0,NO,AGREES
MOT17 row-local support :: Hybrid-SORT/ANCHOR_UNMATCHED/pct_between,1,1,02_CURRENT_FACTS.md:78,48.42,48.4202,NO,AGREES
MOT17 row-local support :: Hybrid-SORT/ANCHOR_UNMATCHED/pct_ge,1,1,02_CURRENT_FACTS.md:78,35.15,35.1501,NO,AGREES
MOT17 row-local support :: Hybrid-SORT/ANCHOR_UNMATCHED/pct_zero,1,1,02_CURRENT_FACTS.md:78,16.43,16.4297,NO,AGREES
MOT17 row-local support :: Hybrid-SORT/SEMANTICALLY_ADMITTED/n,1,1,02_CURRENT_FACTS.md:77,1541.0,1541.0,NO,AGREES
MOT17 row-local support :: Hybrid-SORT/SEMANTICALLY_ADMITTED/pct_between,1,1,02_CURRENT_FACTS.md:77,1.49,1.4925,NO,AGREES
MOT17 row-local support :: Hybrid-SORT/SEMANTICALLY_ADMITTED/pct_ge,1,1,02_CURRENT_FACTS.md:77,98.51,98.5075,NO,AGREES
MOT17 row-local support :: Hybrid-SORT/SEMANTICALLY_ADMITTED/pct_zero,1,1,02_CURRENT_FACTS.md:77,0.0,0.0,NO,AGREES
MOT17 row-local support :: OC-SORT/ANCHOR_ID_MISMATCH/n,1,1,02_CURRENT_FACTS.md:82,375.0,375.0,NO,AGREES
MOT17 row-local support :: OC-SORT/ANCHOR_ID_MISMATCH/pct_between,1,1,02_CURRENT_FACTS.md:82,10.4,10.4,NO,AGREES
MOT17 row-local support :: OC-SORT/ANCHOR_ID_MISMATCH/pct_ge,1,1,02_CURRENT_FACTS.md:82,86.93,86.9333,NO,AGREES
MOT17 row-local support :: OC-SORT/ANCHOR_ID_MISMATCH/pct_zero,1,1,02_CURRENT_FACTS.md:82,2.67,2.6667,NO,AGREES
MOT17 row-local support :: OC-SORT/ANCHOR_UNMATCHED/n,1,1,02_CURRENT_FACTS.md:81,408.0,408.0,NO,AGREES
MOT17 row-local support :: OC-SORT/ANCHOR_UNMATCHED/pct_between,1,1,02_CURRENT_FACTS.md:81,41.67,41.6667,NO,AGREES
MOT17 row-local support :: OC-SORT/ANCHOR_UNMATCHED/pct_ge,1,1,02_CURRENT_FACTS.md:81,35.54,35.5392,NO,AGREES
MOT17 row-local support :: OC-SORT/ANCHOR_UNMATCHED/pct_zero,1,1,02_CURRENT_FACTS.md:81,22.79,22.7941,NO,AGREES
MOT17 row-local support :: OC-SORT/SEMANTICALLY_ADMITTED/n,1,1,02_CURRENT_FACTS.md:80,1839.0,1839.0,NO,AGREES
MOT17 row-local support :: OC-SORT/SEMANTICALLY_ADMITTED/pct_between,1,1,02_CURRENT_FACTS.md:80,0.98,0.9788,NO,AGREES
MOT17 row-local support :: OC-SORT/SEMANTICALLY_ADMITTED/pct_ge,1,1,02_CURRENT_FACTS.md:80,98.97,98.9668,NO,AGREES
MOT17 row-local support :: OC-SORT/SEMANTICALLY_ADMITTED/pct_zero,1,1,02_CURRENT_FACTS.md:80,0.05,0.0544,NO,AGREES
MOT20 gate sweep :: MOT20/0.30/ANCHOR_ID_MISMATCH,1,1,02_CURRENT_FACTS.md:118,2589.0,2589.0,NO,AGREES
MOT20 gate sweep :: MOT20/0.30/ANCHOR_UNMATCHED,1,1,02_CURRENT_FACTS.md:118,4179.0,4179.0,NO,AGREES
MOT20 gate sweep :: MOT20/0.30/NON_ADMITTED,2,2,02_CURRENT_FACTS.md:118 ; 22_RESULTS_MOT20_FACT_PACKET.md:44,6768.0,6768.0,YES,AGREES
MOT20 gate sweep :: MOT20/0.30/NON_ADMITTED_PCT,2,2,02_CURRENT_FACTS.md:118 ; 22_RESULTS_MOT20_FACT_PACKET.md:44,19.4405,19.4405,YES,AGREES
MOT20 gate sweep :: MOT20/0.30/SEMANTICALLY_ADMITTED,1,1,02_CURRENT_FACTS.md:118,28046.0,28046.0,NO,AGREES
MOT20 gate sweep :: MOT20/0.30/SYNTHESIZED,1,1,02_CURRENT_FACTS.md:118,34814.0,34814.0,NO,AGREES
MOT20 gate sweep :: MOT20/0.30/TARGET_REFERENCE_ABSENT,1,1,02_CURRENT_FACTS.md:118,0.0,0.0,NO,AGREES
MOT20 gate sweep :: MOT20/0.40/ANCHOR_ID_MISMATCH,1,1,02_CURRENT_FACTS.md:119,2407.0,2407.0,NO,AGREES
MOT20 gate sweep :: MOT20/0.40/ANCHOR_UNMATCHED,1,1,02_CURRENT_FACTS.md:119,5205.0,5205.0,NO,AGREES
MOT20 gate sweep :: MOT20/0.40/NON_ADMITTED,2,2,02_CURRENT_FACTS.md:119 ; 22_RESULTS_MOT20_FACT_PACKET.md:45,7612.0,7612.0,YES,AGREES
MOT20 gate sweep :: MOT20/0.40/NON_ADMITTED_PCT,2,2,02_CURRENT_FACTS.md:119 ; 22_RESULTS_MOT20_FACT_PACKET.md:45,21.8648,21.8648,YES,AGREES
MOT20 gate sweep :: MOT20/0.40/SEMANTICALLY_ADMITTED,1,1,02_CURRENT_FACTS.md:119,27202.0,27202.0,NO,AGREES
MOT20 gate sweep :: MOT20/0.40/SYNTHESIZED,1,1,02_CURRENT_FACTS.md:119,34814.0,34814.0,NO,AGREES
MOT20 gate sweep :: MOT20/0.40/TARGET_REFERENCE_ABSENT,1,1,02_CURRENT_FACTS.md:119,0.0,0.0,NO,AGREES
MOT20 gate sweep :: MOT20/0.50/ANCHOR_ID_MISMATCH,1,1,02_CURRENT_FACTS.md:120,2165.0,2165.0,NO,AGREES
MOT20 gate sweep :: MOT20/0.50/ANCHOR_UNMATCHED,1,1,02_CURRENT_FACTS.md:120,6586.0,6586.0,NO,AGREES
MOT20 gate sweep :: MOT20/0.50/NON_ADMITTED,2,2,02_CURRENT_FACTS.md:120 ; 22_RESULTS_MOT20_FACT_PACKET.md:46,8751.0,8751.0,YES,AGREES
MOT20 gate sweep :: MOT20/0.50/NON_ADMITTED_PCT,2,2,02_CURRENT_FACTS.md:120 ; 22_RESULTS_MOT20_FACT_PACKET.md:46,25.1364,25.1364,YES,AGREES
MOT20 gate sweep :: MOT20/0.50/SEMANTICALLY_ADMITTED,1,1,02_CURRENT_FACTS.md:120,26063.0,26063.0,NO,AGREES
MOT20 gate sweep :: MOT20/0.50/SYNTHESIZED,1,1,02_CURRENT_FACTS.md:120,34814.0,34814.0,NO,AGREES
MOT20 gate sweep :: MOT20/0.50/TARGET_REFERENCE_ABSENT,1,1,02_CURRENT_FACTS.md:120,0.0,0.0,NO,AGREES
MOT20 gate sweep :: MOT20/0.60/ANCHOR_ID_MISMATCH,1,1,02_CURRENT_FACTS.md:121,1796.0,1796.0,NO,AGREES
MOT20 gate sweep :: MOT20/0.60/ANCHOR_UNMATCHED,1,1,02_CURRENT_FACTS.md:121,9997.0,9997.0,NO,AGREES
MOT20 gate sweep :: MOT20/0.60/NON_ADMITTED,2,2,02_CURRENT_FACTS.md:121 ; 22_RESULTS_MOT20_FACT_PACKET.md:47,11793.0,11793.0,YES,AGREES
MOT20 gate sweep :: MOT20/0.60/NON_ADMITTED_PCT,2,2,02_CURRENT_FACTS.md:121 ; 22_RESULTS_MOT20_FACT_PACKET.md:47,33.8743,33.8743,YES,AGREES
MOT20 gate sweep :: MOT20/0.60/SEMANTICALLY_ADMITTED,1,1,02_CURRENT_FACTS.md:121,23021.0,23021.0,NO,AGREES
MOT20 gate sweep :: MOT20/0.60/SYNTHESIZED,1,1,02_CURRENT_FACTS.md:121,34814.0,34814.0,NO,AGREES
MOT20 gate sweep :: MOT20/0.60/TARGET_REFERENCE_ABSENT,1,1,02_CURRENT_FACTS.md:121,0.0,0.0,NO,AGREES
MOT20 gate sweep :: MOT20/0.70/ANCHOR_ID_MISMATCH,1,1,02_CURRENT_FACTS.md:122,1078.0,1078.0,NO,AGREES
MOT20 gate sweep :: MOT20/0.70/ANCHOR_UNMATCHED,1,1,02_CURRENT_FACTS.md:122,17813.0,17813.0,NO,AGREES
MOT20 gate sweep :: MOT20/0.70/NON_ADMITTED,2,2,02_CURRENT_FACTS.md:122 ; 22_RESULTS_MOT20_FACT_PACKET.md:48,18891.0,18891.0,YES,AGREES
MOT20 gate sweep :: MOT20/0.70/NON_ADMITTED_PCT,2,2,02_CURRENT_FACTS.md:122 ; 22_RESULTS_MOT20_FACT_PACKET.md:48,54.2627,54.2627,YES,AGREES
MOT20 gate sweep :: MOT20/0.70/SEMANTICALLY_ADMITTED,1,1,02_CURRENT_FACTS.md:122,15923.0,15923.0,NO,AGREES
MOT20 gate sweep :: MOT20/0.70/SYNTHESIZED,1,1,02_CURRENT_FACTS.md:122,34814.0,34814.0,NO,AGREES
MOT20 gate sweep :: MOT20/0.70/TARGET_REFERENCE_ABSENT,1,1,02_CURRENT_FACTS.md:122,0.0,0.0,NO,AGREES
