population,tracker,admission_class,admission_class_full,inserted_n,removed_by_distractor_preprocessing_n,surviving_preprocessing_n,removed_percent
mot17,ByteTrack,ADM,SEMANTICALLY_ADMITTED,1224,8,1216,0.654
mot17,ByteTrack,UNM,ANCHOR_UNMATCHED,604,73,531,12.086
mot17,ByteTrack,IDM,ANCHOR_ID_MISMATCH,244,0,244,0.000
mot17,ByteTrack,ABS,TARGET_REFERENCE_ABSENT,0,0,0,
mot17,BoT-SORT,ADM,SEMANTICALLY_ADMITTED,1287,8,1279,0.622
mot17,BoT-SORT,UNM,ANCHOR_UNMATCHED,576,69,507,11.979
mot17,BoT-SORT,IDM,ANCHOR_ID_MISMATCH,227,0,227,0.000
mot17,BoT-SORT,ABS,TARGET_REFERENCE_ABSENT,0,0,0,
mot17,OC-SORT,ADM,SEMANTICALLY_ADMITTED,1839,0,1839,0.000
mot17,OC-SORT,UNM,ANCHOR_UNMATCHED,408,52,356,12.745
mot17,OC-SORT,IDM,ANCHOR_ID_MISMATCH,375,0,375,0.000
mot17,OC-SORT,ABS,TARGET_REFERENCE_ABSENT,0,0,0,
mot17,Deep-OC-SORT,ADM,SEMANTICALLY_ADMITTED,2104,0,2104,0.000
mot17,Deep-OC-SORT,UNM,ANCHOR_UNMATCHED,570,52,518,9.123
mot17,Deep-OC-SORT,IDM,ANCHOR_ID_MISMATCH,286,0,286,0.000
mot17,Deep-OC-SORT,ABS,TARGET_REFERENCE_ABSENT,0,0,0,
mot17,Hybrid-SORT,ADM,SEMANTICALLY_ADMITTED,1541,4,1537,0.260
mot17,Hybrid-SORT,UNM,ANCHOR_UNMATCHED,1266,144,1122,11.374
mot17,Hybrid-SORT,IDM,ANCHOR_ID_MISMATCH,216,0,216,0.000
mot17,Hybrid-SORT,ABS,TARGET_REFERENCE_ABSENT,0,0,0,
mot20,Deep-OC-SORT,ADM,SEMANTICALLY_ADMITTED,26063,54,26009,0.207
mot20,Deep-OC-SORT,UNM,ANCHOR_UNMATCHED,6586,2340,4246,35.530
mot20,Deep-OC-SORT,IDM,ANCHOR_ID_MISMATCH,2165,18,2147,0.831
mot20,Deep-OC-SORT,ABS,TARGET_REFERENCE_ABSENT,0,0,0,
