deployment_a,deployment_b,metric,margin_R0,margin_R2,relation_R0,relation_R2,sign_changed,R0_ci_lo,R0_ci_hi,R2_ci_lo,R2_ci_hi,delta_ci_lo,delta_ci_hi,frac_R0_pos,frac_R0_neg,frac_R2_pos,frac_R2_neg,frac_sign_differs,R0_ci_excludes_zero,R2_ci_excludes_zero,delta_ci_excludes_zero
BoT-SORT,Deep-OC-SORT,AssA,-0.7409193291898362,-0.9231300650188103,A_LESS,A_LESS,0,-3.5338529837381785,1.3932634932161534,-4.475772578441209,1.0470337834845624,-1.4862518751019422,0.2658461914469967,0.2523,0.7477,0.2154,0.7846,0.0759,0,0,0
BoT-SORT,Deep-OC-SORT,DetA,2.463919070101838,1.216844834915392,A_GREATER,A_GREATER,0,1.2761471495308352,4.9070677284416035,0.540279857179911,2.84287780264755,-2.358008971907232,-0.6443461204891098,1.0,0.0,0.9999,0.0001,0.0001,1,1,1
BoT-SORT,Deep-OC-SORT,HOTA,0.8842749112017714,0.15032071219452803,A_GREATER,A_GREATER,0,0.1533477755760373,2.5608534332099637,-1.189103372074925,1.4936115492599973,-1.9215132971702007,-0.2984007266746812,0.9892,0.0108,0.639,0.361,0.3502,1,0,1
BoT-SORT,Deep-OC-SORT,IDF1,0.5103926607192477,-0.20330580436842638,A_GREATER,A_LESS,1,-0.8746423023469418,2.4135043792605018,-2.3951228105596525,1.5477051686263656,-2.2251869449744675,-0.10115027920716102,0.7888,0.2112,0.4303,0.5697,0.3585,0,0,1
BoT-SORT,Deep-OC-SORT,MOTA,3.2863239933197264,1.5624420115049134,A_GREATER,A_GREATER,0,1.9572620176308253,6.269973443759284,0.5666020726261678,3.517260311577786,-3.200967990320109,-0.9610503441432369,1.0,0.0,0.9974,0.0026,0.0026,1,1,1
BoT-SORT,Hybrid-SORT,AssA,3.235037670425143,3.760255000182582,A_GREATER,A_GREATER,0,0.7179038569841485,8.086596726237097,0.8364447355074134,9.058179459471532,-0.08822399539711259,1.3334565211674345,0.9994,0.0006,0.9998,0.0002,0.0004,1,1,0
BoT-SORT,Hybrid-SORT,DetA,1.260227897268095,1.4285329333559105,A_GREATER,A_GREATER,0,0.5555221093035243,2.531540619276818,0.44502432719520435,2.833102734995798,-0.35521851086713535,0.5341995608711869,1.0,0.0,1.0,0.0,0.0,1,1,0
BoT-SORT,Hybrid-SORT,HOTA,2.246597855819573,2.6086174388787526,A_GREATER,A_GREATER,0,0.6593523136304356,5.1421390711198995,0.6822406023167531,5.928322592774109,-0.15748037959952654,0.9592638546609141,1.0,0.0,1.0,0.0,0.0,1,1,0
BoT-SORT,Hybrid-SORT,IDF1,3.8984059399501945,4.504273217751276,A_GREATER,A_GREATER,0,0.9765888699825638,8.42998729760535,1.075946357193999,9.263446118357473,0.10720533863113602,1.3021682179429206,0.9998,0.0002,0.9998,0.0002,0.0,1,1,1
BoT-SORT,Hybrid-SORT,MOTA,2.4475784004453516,2.9114863611059576,A_GREATER,A_GREATER,0,1.060814640861608,4.8722519310754535,1.0592982849456547,6.393186351140102,-0.20306258322236204,1.522665737340155,1.0,0.0,1.0,0.0,0.0,1,1,0
BoT-SORT,OC-SORT,AssA,2.702211062879556,2.8405012022531935,A_GREATER,A_GREATER,0,0.7814194652781815,9.041155927933467,0.9670681538234476,8.67754139075172,-0.4626886420568752,0.4084185319436102,1.0,0.0,1.0,0.0,0.0,1,1,0
BoT-SORT,OC-SORT,DetA,3.013704815444001,2.096074496292644,A_GREATER,A_GREATER,0,1.536382942631005,6.2274401826942505,0.9226810775534346,5.08141699843214,-1.6713045633657089,-0.4496704244297973,1.0,0.0,1.0,0.0,0.0,1,1,1
BoT-SORT,OC-SORT,HOTA,2.822712441307317,2.428995737867524,A_GREATER,A_GREATER,0,1.2666503378247143,7.265654338023843,1.0107071886901338,6.6537145227585945,-0.8706709474043279,-0.22248231806288743,1.0,0.0,1.0,0.0,0.0,1,1,1
BoT-SORT,OC-SORT,IDF1,3.711503234140082,3.2800533755125514,A_GREATER,A_GREATER,0,1.2851982553782904,10.384356962215321,1.0720929369890086,9.513333044655184,-1.0628270698870423,-0.13813097912345995,1.0,0.0,1.0,0.0,0.0,1,1,1
BoT-SORT,OC-SORT,MOTA,3.904249396919667,2.6888105399888644,A_GREATER,A_GREATER,0,2.151717915946165,8.218118534274389,1.1115982406765852,6.579195516879054,-2.329274748544222,-0.5946114780838343,1.0,0.0,0.9992,0.0008,0.0008,1,1,1
ByteTrack,BoT-SORT,AssA,-1.9173564454530378,-2.1218631351611776,A_LESS,A_LESS,0,-7.629253581011099,-0.04000070130805966,-7.883170070453545,-0.1679415144859124,-0.6047870788624721,-0.009119563787991043,0.023,0.977,0.0115,0.9885,0.0115,1,1,1
ByteTrack,BoT-SORT,DetA,-0.6216320305408232,-0.7696190827602578,A_LESS,A_LESS,0,-1.7061050913960258,-0.23902251829117915,-2.2342440717029035,-0.24691025656757404,-0.5596857344297277,0.018750239420583625,0.0,1.0,0.0,1.0,0.0,1,1,0
ByteTrack,BoT-SORT,HOTA,-1.2752675004689706,-1.4525452690827905,A_LESS,A_LESS,0,-4.470830314105129,-0.19362528505614307,-4.90452934688118,-0.2613911858394147,-0.5551286043513416,-0.03186279010461135,0.004,0.996,0.0021,0.9979,0.0019,1,1,1
ByteTrack,BoT-SORT,IDF1,-1.7398776095632087,-1.8772059337399867,A_LESS,A_LESS,0,-7.058806800484035,0.28922790254245,-7.429876582875451,0.23561371018962518,-0.5181199662273173,0.21656041510586022,0.0554,0.9446,0.0465,0.9535,0.0145,0,0,0
ByteTrack,BoT-SORT,MOTA,-0.48431991092968474,-0.7589534236407616,A_LESS,A_LESS,0,-2.0164519181771823,0.09627077421970398,-2.9582024342500803,0.04425294049143247,-1.006648853538806,0.01014919313915641,0.0728,0.9247,0.0387,0.9593,0.0375,0,0,0
ByteTrack,Deep-OC-SORT,AssA,-2.658275774642874,-3.044993200179988,A_LESS,A_LESS,0,-9.35263687615039,0.267306228276027,-10.864427334037941,0.1744059645669438,-1.752466069912316,0.07007473945345347,0.0461,0.9539,0.0389,0.9611,0.0074,0,0,0
ByteTrack,Deep-OC-SORT,DetA,1.8422870395610147,0.44722575215513416,A_GREATER,A_GREATER,0,0.8917316890583987,3.8167816614735757,-0.3064029055830275,1.6005519414681189,-2.6459748637360416,-0.7400955976173265,1.0,0.0,0.9148,0.0852,0.0852,1,0,1
ByteTrack,Deep-OC-SORT,HOTA,-0.39099258926719926,-1.3022245568882624,A_LESS,A_LESS,0,-3.3600665174703934,0.7477088432295318,-5.206773619753619,0.2658671761766782,-2.2024441050159,-0.380938672683655,0.3201,0.6799,0.0727,0.9273,0.2474,0,0,1
ByteTrack,Deep-OC-SORT,IDF1,-1.229484948843961,-2.080511738108413,A_LESS,A_LESS,0,-6.600240887572596,1.1048991696625277,-8.630022404029045,0.7310017521669913,-2.3787724181757746,-0.27404226755115524,0.1937,0.8063,0.1014,0.8986,0.0923,0,0,1
ByteTrack,Deep-OC-SORT,MOTA,2.8020040823900416,0.8034885878641518,A_GREATER,A_GREATER,0,1.829080112615057,4.620995970232684,-0.34989260721957294,1.424166996662322,-3.837595874453541,-1.1193870125422762,1.0,0.0,0.9273,0.0727,0.0727,1,0,1
ByteTrack,Hybrid-SORT,AssA,1.3176812249721053,1.6383918650214042,A_GREATER,A_GREATER,0,-1.4220723341883823,4.839041193437937,-1.8842060058909027,5.8579332664205594,-0.48339540142131093,1.0652271888922726,0.8264,0.1736,0.8141,0.1859,0.0235,0,0,0
ByteTrack,Hybrid-SORT,DetA,0.6385958667272718,0.6589138505956527,A_GREATER,A_GREATER,0,0.03310036033212543,1.361942783341299,-0.5462092862457695,1.6146170377268163,-0.7638935710527903,0.460287061419578,0.9779,0.0221,0.8455,0.1545,0.1324,1,0,0
ByteTrack,Hybrid-SORT,HOTA,0.9713303553506023,1.1560721697959622,A_GREATER,A_GREATER,0,-0.4181170348530924,3.0361510992839627,-0.8630259002085268,3.724196246865493,-0.5446951279619068,0.7706923463287865,0.9155,0.0845,0.8262,0.1738,0.0893,0,0,0
ByteTrack,Hybrid-SORT,IDF1,2.1585283303869858,2.6270672840112894,A_GREATER,A_GREATER,0,0.04607051645344092,5.93219820487743,-0.17862564971748895,7.358542505516347,-0.2948216601385283,1.4859883437220631,0.9761,0.0239,0.9588,0.0412,0.0173,1,0,0
ByteTrack,Hybrid-SORT,MOTA,1.9632584895156668,2.152532937465196,A_GREATER,A_GREATER,0,0.6195998180991324,4.373969360469736,0.03458891079519333,5.533123192747539,-0.9679487179487296,1.2303836404545692,0.9997,0.0003,0.9783,0.0215,0.0214,1,1,0
ByteTrack,OC-SORT,AssA,0.7848546174265181,0.7186380670920158,A_GREATER,A_GREATER,0,-0.33986176401727164,3.366079199260973,-0.7450298904038135,3.0572069167911167,-0.9296142064810979,0.2571421132524989,0.9297,0.0703,0.8705,0.1295,0.068,0,0,0
ByteTrack,OC-SORT,DetA,2.3920727849031778,1.3264554135323863,A_GREATER,A_GREATER,0,1.2485308825829833,4.7188619072887406,0.5191751407465546,3.1050274640967572,-1.8399413041026094,-0.5934435631809407,1.0,0.0,0.9988,0.0012,0.0012,1,1,1
ByteTrack,OC-SORT,HOTA,1.5474449408383464,0.9764504687847335,A_GREATER,A_GREATER,0,0.7554287821542545,3.884023856174636,0.06575995093770359,2.979466136385019,-1.224421759090582,-0.30633609455057353,0.9997,0.0003,0.9794,0.0206,0.0203,1,1,1
ByteTrack,OC-SORT,IDF1,1.9716256245768733,1.4028474417725647,A_GREATER,A_GREATER,0,1.0446807036896502,4.664821820285283,0.34231782463956506,3.8705178668658533,-1.2966971903063325,-0.2903925231745035,1.0,0.0,0.9919,0.0081,0.0081,1,1,1
ByteTrack,OC-SORT,MOTA,3.4199294859899823,1.9298571163481029,A_GREATER,A_GREATER,0,2.214785187603738,6.230875152998777,0.8486276531119472,3.722808386063576,-2.8062895828783496,-0.7639939485627707,1.0,0.0,0.9984,0.0016,0.0016,1,1,1
Deep-OC-SORT,Hybrid-SORT,AssA,3.9759569996149793,4.683385065201392,A_GREATER,A_GREATER,0,0.13931311589997605,10.764873831802547,0.2870830962382339,12.320561838065892,0.10949311595500397,1.8312127192590282,0.9834,0.0166,0.9858,0.0142,0.0024,1,1,1
Deep-OC-SORT,Hybrid-SORT,DetA,-1.203691172833743,0.2116880984405185,A_LESS,A_GREATER,1,-3.231176352798679,-0.329428195266932,-1.07577575806794,0.8421067454652508,0.6362719369494556,2.401342896438501,0.0042,0.9958,0.5574,0.4426,0.5532,1,0,1
Deep-OC-SORT,Hybrid-SORT,HOTA,1.3623229446178016,2.4582967266842246,A_GREATER,A_GREATER,0,-0.3688776768196909,4.213002717761086,0.06183748406456857,6.149429735075962,0.3723855819797848,2.177354875441992,0.9154,0.0846,0.9786,0.0214,0.0632,0,1,1
Deep-OC-SORT,Hybrid-SORT,IDF1,3.3880132792309468,4.7075790221197025,A_GREATER,A_GREATER,0,-0.23305214531752202,8.627614789654913,0.086789796529672,11.272472033581664,0.24724766167715018,2.9414027709224753,0.9616,0.0384,0.9788,0.0212,0.0172,0,1,1
Deep-OC-SORT,Hybrid-SORT,MOTA,-0.8387455928743748,1.3490443496010442,A_LESS,A_GREATER,1,-3.216411656985011,1.5536490128141764,-0.7644940636100319,4.9939545729337596,1.0871507548065258,4.04897799892678,0.222,0.7771,0.8079,0.1921,0.5859,0,0,1
OC-SORT,Deep-OC-SORT,AssA,-3.443130392069392,-3.763631267272004,A_LESS,A_LESS,0,-9.980769030154866,-0.5998102887626108,-10.858753247944847,-0.5894464014769909,-1.3385120242585984,0.055576245088801456,0.0022,0.9978,0.0035,0.9965,0.0013,1,1,0
OC-SORT,Deep-OC-SORT,DetA,-0.5497857453421631,-0.8792296613772521,A_LESS,A_LESS,0,-1.8704856885792367,-0.11392897741339425,-2.581085887291998,-0.26249871434601285,-0.8914629214193894,-0.08684142393244088,0.0,1.0,0.0,1.0,0.0,1,1,1
OC-SORT,Deep-OC-SORT,HOTA,-1.9384375301055456,-2.278675025672996,A_LESS,A_LESS,0,-5.395314641829572,-0.43012534084620313,-6.271705540732416,-0.5050334486932826,-1.1569564395952916,-0.031014014865789363,0.001,0.999,0.001,0.999,0.0,1,1,1
OC-SORT,Deep-OC-SORT,IDF1,-3.2011105734208343,-3.4833591798809778,A_LESS,A_LESS,0,-9.178181631326614,-0.4553822633683846,-10.333983438777778,-0.3882015016214808,-1.3290869909629066,0.12198014264888002,0.0051,0.9949,0.0071,0.9929,0.002,1,1,0
OC-SORT,Deep-OC-SORT,MOTA,-0.6179254035999406,-1.126368528483951,A_LESS,A_LESS,0,-2.572536543338196,-0.06222079075005076,-3.435086115843853,-0.32578995305821934,-1.1161998015570767,-0.1532265125645722,0.0005,0.9995,0.0004,0.9996,0.0009,1,1,1
OC-SORT,Hybrid-SORT,AssA,0.5328266075455872,0.9197537979293884,A_GREATER,A_GREATER,0,-2.249076052125197,2.5761318507817403,-1.8317915075586626,3.5560215796504013,0.05429361580179659,1.1152753561378645,0.6153,0.3847,0.7006,0.2994,0.0853,0,0,1
OC-SORT,Hybrid-SORT,DetA,-1.753476918175906,-0.6675415629367336,A_LESS,A_LESS,0,-4.289837853138685,-0.725839396792658,-3.023133242388454,0.22118067013737175,0.4500429559655288,1.9072215879487473,0.0005,0.9995,0.0693,0.9307,0.0688,1,0,1
OC-SORT,Hybrid-SORT,HOTA,-0.5761145854877441,0.17962170101122865,A_LESS,A_GREATER,1,-2.601766018273878,0.22736377530932117,-1.8802634176122197,1.520408145497811,0.27805128489603703,1.5191254877394726,0.0853,0.9147,0.5185,0.4815,0.4332,0,0,1
OC-SORT,Hybrid-SORT,IDF1,0.18690270581011248,1.2242198422387247,A_GREATER,A_GREATER,0,-2.710356085037205,2.4002661087167283,-1.7583986344898932,4.560887407012295,0.2619712769628677,2.2055077022147813,0.536,0.464,0.6635,0.3365,0.1275,0,0,1
OC-SORT,Hybrid-SORT,MOTA,-1.4566709964743154,0.22267582111709316,A_LESS,A_GREATER,1,-4.901248659679709,0.9170601372344956,-3.2239224389674206,3.9706254731396884,0.7111622912808713,3.455637972398918,0.1001,0.8984,0.5261,0.4734,0.426,0,0,1
