tracker_a,tracker_b,metric,margin_R0,margin_L_GSI,margin_GSI,delta_linear,delta_GP,delta_total,sign_R0,sign_L_GSI,sign_GSI,cross_R0->L_GSI,cross_R0->L_GSI_3dp,cross_R0->L_GSI_2dp,P_sign_differs_R0->L_GSI,delta_ci_lo_R0->L_GSI,delta_ci_hi_R0->L_GSI,cross_L_GSI->GSI,cross_L_GSI->GSI_3dp,cross_L_GSI->GSI_2dp,P_sign_differs_L_GSI->GSI,delta_ci_lo_L_GSI->GSI,delta_ci_hi_L_GSI->GSI,cross_R0->GSI,cross_R0->GSI_3dp,cross_R0->GSI_2dp,P_sign_differs_R0->GSI,delta_ci_lo_R0->GSI,delta_ci_hi_R0->GSI,margin_ci_lo_R0,margin_ci_hi_R0,margin_ci_lo_L_GSI,margin_ci_hi_L_GSI,margin_ci_lo_GSI,margin_ci_hi_GSI,P_sign_differs_is_not_a_p_value
ByteTrack,OC-SORT,HOTA,-5.342327785578078,-6.0753894235267865,-5.739195102335238,-0.7330616379487083,0.3361943211915488,-0.39686731675715947,A_LESS,A_LESS,A_LESS,NO,NO,NO,0.0,-0.9691608271694712,-0.549981401757991,NO,NO,NO,0.0,0.23647796652119252,0.4450552286888603,NO,NO,NO,0.0,-0.6386111108609255,-0.1950349713543688,-7.403108283217302,-3.260370757956673,-8.081052766082754,-4.063081204281003,-7.7385052352131805,-3.7189119762491547,TRUE
ByteTrack,OC-SORT,DetA,-6.725302359110856,-8.536932224241696,-7.712438222952869,-1.8116298651308398,0.8244940012888264,-0.9871358638420134,A_LESS,A_LESS,A_LESS,NO,NO,NO,0.0,-2.417388411800172,-1.304556893733483,NO,NO,NO,0.0,0.5978105279312675,1.0525842464798991,NO,NO,NO,0.0,-1.6875046194391445,-0.40234984811957814,-8.714258750435754,-4.845636969334761,-10.30197802002261,-6.958572987936609,-9.403901218682167,-6.222300480172224,TRUE
ByteTrack,OC-SORT,AssA,-4.132081712700476,-4.327070182193058,-4.3427283398000505,-0.19498846949258208,-0.015658157606992518,-0.2106466270995746,A_LESS,A_LESS,A_LESS,NO,NO,NO,0.0008,-0.41118433197142173,-0.027443168406685765,NO,NO,NO,0.0001,-0.09002474479889902,0.07152574692269562,NO,NO,NO,0.0007,-0.4094149975816081,-0.04240488882260663,-7.042935659765336,-1.3286740061067632,-7.223241515826634,-1.5398368841261652,-7.2417271584749425,-1.5286759954997187,TRUE
ByteTrack,OC-SORT,IDF1,-0.21703276577457586,-0.742379927762407,-0.7513667782800155,-0.5253471619878312,-0.008986850517608502,-0.5343340125054397,A_LESS,A_LESS,A_LESS,NO,NO,NO,0.1493,-0.8044499640834454,-0.2816206524835108,NO,NO,NO,0.0021,-0.02854842365138204,0.005538630498104523,NO,NO,NO,0.1514,-0.8252799133634003,-0.2836665973461022,-2.850690912467858,2.5148591359262293,-3.3354201771614806,1.9808571878733996,-3.351391138170769,1.9754971790097353,TRUE
ByteTrack,OC-SORT,MOTA,1.0131113756284833,-2.09595466093414,-2.1510295450104024,-3.1090660365626235,-0.055074884076262265,-3.1641409206388857,A_GREATER,A_LESS,A_LESS,YES,YES,YES,0.9365,-4.139394512381444,-2.259248861239708,NO,NO,NO,0.0,-0.14629133486529539,0.032810102590129724,YES,YES,YES,0.9365,-4.218037530945191,-2.291797665170009,-0.2817351801203344,2.2787930119738675,-3.811763919787891,-0.8351444228703703,-3.8817317130612974,-0.8785589287087182,TRUE
ByteTrack,Deep-OC-SORT,HOTA,-11.761911290817494,-12.496210500968942,-12.222280099018192,-0.7342992101514483,0.27393040195075,-0.46036880820069825,A_LESS,A_LESS,A_LESS,NO,NO,NO,0.0,-0.9606083733108299,-0.5817313554622935,NO,NO,NO,0.0,0.18318668405251798,0.3745719072603281,NO,NO,NO,0.0,-0.7135000069447983,-0.2807064448064977,-15.342201374932811,-8.17216692695893,-16.082603280920154,-8.940831137236039,-15.834655934349579,-8.652005595264164,TRUE
ByteTrack,Deep-OC-SORT,DetA,-6.978335675085418,-8.911130299488619,-8.274584965163754,-1.9327946244032006,0.6365453343248646,-1.296249290078336,A_LESS,A_LESS,A_LESS,NO,NO,NO,0.0,-2.5341745245289817,-1.4261884821616333,NO,NO,NO,0.0,0.4337567137034576,0.8405770668847985,NO,NO,NO,0.0,-1.970110454520017,-0.739381850368859,-9.00587180422887,-4.943454534396521,-10.728841491195377,-7.149589428596335,-10.081891803691242,-6.569480132069401,TRUE
ByteTrack,Deep-OC-SORT,AssA,-13.2086412091804,-13.299030538916494,-13.34788402493373,-0.09038932973609448,-0.04885348601723649,-0.13924281575333097,A_LESS,A_LESS,A_LESS,NO,NO,NO,0.0,-0.32345089864663307,0.11816986558159255,NO,NO,NO,0.0,-0.12412250018494983,0.044795809179353545,NO,NO,NO,0.0,-0.37794255579511055,0.08848805864229393,-18.409788104537967,-8.150363880487369,-18.54132819869236,-8.257207263704226,-18.593404518974467,-8.27565596581563,TRUE
ByteTrack,Deep-OC-SORT,IDF1,-7.825372634777153,-8.28790466940751,-8.31588715697255,-0.46253203463035675,-0.027982487565040515,-0.49051452219539726,A_LESS,A_LESS,A_LESS,NO,NO,NO,0.0001,-0.7666418723345894,-0.22900315612650265,NO,NO,NO,0.0,-0.06981300960905265,-0.0009433303349760918,NO,NO,NO,0.0001,-0.8288309902611894,-0.2367782010338317,-11.878995470327034,-3.7856767511460365,-12.37128982087693,-4.265492672003817,-12.418334826236508,-4.27201128981607,TRUE
ByteTrack,Deep-OC-SORT,MOTA,0.7297422140103436,-2.5791923534741557,-2.600511663439164,-3.308934567484499,-0.021319309965008415,-3.3302538774495076,A_GREATER,A_LESS,A_LESS,YES,YES,YES,0.8454,-4.379582936732437,-2.428281014306182,NO,NO,NO,0.0,-0.11603427505445688,0.0686550012323593,YES,YES,YES,0.8454,-4.433642608869659,-2.4379664934373606,-0.7039578672790743,2.0638689316123315,-4.549083096075908,-1.2319164874344495,-4.604134798828322,-1.2218791123729462,TRUE
ByteTrack,Hybrid-SORT,HOTA,-12.420002325972519,-12.254672775663835,-12.034849521065688,0.1653295503086838,0.2198232545981469,0.3851528049068307,A_LESS,A_LESS,A_LESS,NO,NO,NO,0.0,-0.044652130386403144,0.3690469285244272,NO,NO,NO,0.0,0.13893191067736393,0.31312015507146956,NO,NO,NO,0.0,0.1693841422961011,0.5995848198514879,-15.967617391684408,-9.174494772135963,-15.825871585430678,-8.99280413455324,-15.6309916093601,-8.78673445144129,TRUE
ByteTrack,Hybrid-SORT,DetA,-8.208527201233494,-8.025352807612876,-7.493504774589454,0.18317439362061805,0.5318480330234223,0.7150224266440404,A_LESS,A_LESS,A_LESS,NO,NO,NO,0.0,-0.16510562464913647,0.5024816754147771,NO,NO,NO,0.0,0.3541006919099946,0.7207002936714261,NO,NO,NO,0.0,0.35572134702949293,1.0333111851658154,-10.126880326851554,-6.365463171101381,-10.071241404746765,-6.0166691233282075,-9.498218960465191,-5.559372973786828,TRUE
ByteTrack,Hybrid-SORT,AssA,-13.565372666745219,-13.484258602337608,-13.558234237460294,0.08111406440761115,-0.0739756351226859,0.007138429284925252,A_LESS,A_LESS,A_LESS,NO,NO,NO,0.0,-0.10858195701350164,0.26438230354222303,NO,NO,NO,0.0,-0.15711582178391267,0.022097382954602018,NO,NO,NO,0.0,-0.1870325225715371,0.2152828918218313,-18.705166489350148,-8.962428104381987,-18.614345889954173,-8.951529029124936,-18.69706310528241,-8.985122819073984,TRUE
ByteTrack,Hybrid-SORT,IDF1,-9.239435982558597,-9.092445065223345,-9.107209183337218,0.14699091733525194,-0.014764118113873792,0.13222679922137814,A_LESS,A_LESS,A_LESS,NO,NO,NO,0.0,-0.053379122345078044,0.35281749989086875,NO,NO,NO,0.0,-0.03470866271073429,0.0016880921737579108,NO,NO,NO,0.0,-0.06548923054252266,0.3381923101162609,-13.843387039591503,-5.319516498755203,-13.695220448601773,-5.208513861793039,-13.72031770085986,-5.214305130325184,TRUE
ByteTrack,Hybrid-SORT,MOTA,-1.2072059267681539,-1.490130936095369,-1.5856236786469253,-0.2829250093272151,-0.09549274255155638,-0.37841775187877147,A_LESS,A_LESS,A_LESS,NO,NO,NO,0.0107,-0.655932162133843,0.15260556891786037,NO,NO,NO,0.0063,-0.260575017222369,0.02158355713146988,NO,NO,NO,0.0076,-0.8390029384036815,0.08994434358048836,-2.3119346265521883,-0.006946749581651925,-2.8991123592323005,0.10181920793856201,-3.0548103931141704,0.03352442715775543,TRUE
OC-SORT,Deep-OC-SORT,HOTA,-6.419583505239416,-6.420821077442156,-6.483084996682955,-0.0012375722027400116,-0.06226391924079877,-0.06350149144353878,A_LESS,A_LESS,A_LESS,NO,NO,NO,0.0,-0.1370021912322345,0.13726658516004833,NO,NO,NO,0.0,-0.10355430004373005,-0.024009814589992472,NO,NO,NO,0.0,-0.20380879528441884,0.07134284882215701,-8.779721549119875,-4.071721071716313,-8.767301485678956,-4.079228759275174,-8.845242531668537,-4.135327168406308,TRUE
OC-SORT,Deep-OC-SORT,DetA,-0.25303331597456236,-0.37419807524692317,-0.562146742210885,-0.12116475927236081,-0.18794866696396184,-0.30911342623632265,A_LESS,A_LESS,A_LESS,NO,NO,NO,0.097,-0.2806367618794063,0.02788691591430019,NO,NO,NO,0.0964,-0.3159497712636849,-0.08074931138606624,NO,NO,NO,0.1894,-0.5227900009905888,-0.12594745098267493,-0.9059625020305677,0.33349153910470997,-1.0708912680767155,0.21503954135893671,-1.239558401293941,-0.00012292086702540698,TRUE
OC-SORT,Deep-OC-SORT,AssA,-9.076559496479923,-8.971960356723436,-9.00515568513368,0.1045991397564876,-0.033195328410243974,0.07140381134624363,A_LESS,A_LESS,A_LESS,NO,NO,NO,0.0,-0.07959050166192458,0.27612054280937937,NO,NO,NO,0.0,-0.09226432491606804,0.028137783886926254,NO,NO,NO,0.0,-0.10370572516069157,0.23732143505452724,-12.416136974144413,-5.785691989348381,-12.303530838374286,-5.7100893036193785,-12.36568029741041,-5.704303788770357,TRUE
OC-SORT,Deep-OC-SORT,IDF1,-7.608339869002577,-7.545524741645103,-7.564520378692535,0.06281512735747441,-0.018995637047432012,0.0438194903100424,A_LESS,A_LESS,A_LESS,NO,NO,NO,0.0,-0.13466596326468014,0.25837629130036427,NO,NO,NO,0.0,-0.046810477878696945,0.0032132964213964477,NO,NO,NO,0.0,-0.16737495602718813,0.2466677881025798,-9.971761473528819,-5.1236203134081055,-9.868661540071777,-5.143887223819176,-9.904571329090869,-5.155818036733588,TRUE
OC-SORT,Deep-OC-SORT,MOTA,-0.28336916161813974,-0.4832376925400155,-0.4494821184287616,-0.19986853092187573,0.03375557411125385,-0.16611295681062188,A_LESS,A_LESS,A_LESS,NO,NO,NO,0.0006,-0.36453656992069056,-0.05600830375535467,NO,NO,NO,0.0,-0.015110700987187186,0.0883898505151485,NO,NO,NO,0.0006,-0.3373916981977157,-0.01068512764715737,-0.5398778002055792,-0.10645963076653048,-0.7927790236161133,-0.26432213924629233,-0.7731871970251599,-0.22366097008696392,TRUE
OC-SORT,Hybrid-SORT,HOTA,-7.07767454039444,-6.179283352137048,-6.29565441873045,0.8983911882573921,-0.1163710665934019,0.7820201216639902,A_LESS,A_LESS,A_LESS,NO,NO,NO,0.0,0.5940619254229297,1.2343058749537634,NO,NO,NO,0.0,-0.15763082692096209,-0.08061097875762332,NO,NO,NO,0.0,0.4831664413444438,1.1126503511662582,-9.941169047913831,-4.706083278841544,-9.050981661699382,-3.77903602887347,-9.186892585935778,-3.879260356428987,TRUE
OC-SORT,Hybrid-SORT,DetA,-1.4832248421226382,0.5115794166288197,0.21893344836341555,1.9948042587514578,-0.2926459682654041,1.7021582904860537,A_LESS,A_GREATER,A_GREATER,YES,YES,YES,0.7854,1.2181292205789531,2.836912817347719,NO,NO,NO,0.1673,-0.41911757730087623,-0.18402631715538473,YES,YES,YES,0.6181,0.9198505455674159,2.556290710270066,-2.2180751373825287,-0.6569080047739381,-0.6554306527088709,1.759623664546701,-0.9630795458558467,1.4904256505761304,TRUE
OC-SORT,Hybrid-SORT,AssA,-9.433290954044743,-9.15718842014455,-9.215505897660243,0.27610253390019324,-0.05831747751569338,0.21778505638449985,A_LESS,A_LESS,A_LESS,NO,NO,NO,0.0,0.11355164795684125,0.4602683071600174,NO,NO,NO,0.0,-0.12849991129625452,0.004344317899784749,NO,NO,NO,0.0,0.055477743482374116,0.39469883503164127,-13.525081177089662,-6.021009832726596,-13.18655280983902,-5.784695770741449,-13.281930437024739,-5.8142041566058955,TRUE
OC-SORT,Hybrid-SORT,IDF1,-9.02240321678402,-8.350065137460938,-8.355842405057203,0.6723380793230831,-0.00577726759626529,0.6665608117268178,A_LESS,A_LESS,A_LESS,NO,NO,NO,0.0,0.37019338243218025,1.0176321200935399,NO,NO,NO,0.0,-0.02503438700494325,0.012268012206269318,NO,NO,NO,0.0,0.3578777685937135,1.0216142856743657,-12.61106696048498,-6.011726221989736,-11.909041722313754,-5.305296038727709,-11.915246306321928,-5.305676509240265,TRUE
OC-SORT,Hybrid-SORT,MOTA,-2.220317302396637,0.6058237248387712,0.5654058663634771,2.8261410272354084,-0.04041785847529411,2.7857231687601143,A_LESS,A_GREATER,A_GREATER,YES,YES,YES,0.7972,1.7690797933275821,4.047063869782968,NO,NO,NO,0.0213,-0.1755127393890465,0.05066145606687472,YES,YES,YES,0.7811,1.7635074976932592,3.9924871624569875,-2.9245679816621095,-1.6041281852886997,-0.5681729178020373,2.0612134731255516,-0.5800032910072076,1.9710529040999212,TRUE
Deep-OC-SORT,Hybrid-SORT,HOTA,-0.6580910351550244,0.24153772530510764,0.1874305779525045,0.8996287604601321,-0.054107147352603135,0.8455216131075289,A_LESS,A_GREATER,A_GREATER,YES,YES,YES,0.3377,0.6286508498791316,1.2171134246571766,NO,NO,NO,0.0229,-0.09502497785903827,-0.016580338751454177,YES,YES,YES,0.3148,0.5752411698685608,1.1655218802100265,-2.674213710650564,1.2133442863306796,-1.7718320449220097,2.1534672096092504,-1.8363815491860507,2.115197963385107,TRUE
Deep-OC-SORT,Hybrid-SORT,DetA,-1.2301915261480758,0.8857774918757428,0.7810801905743006,2.1159690180238186,-0.10469730130144228,2.0112717167223764,A_LESS,A_GREATER,A_GREATER,YES,YES,YES,0.9583,1.3337666351664286,2.943407553544723,NO,NO,NO,0.0261,-0.20751960658157456,-0.009009712529281844,YES,YES,YES,0.9322,1.2382437673563582,2.8416626190502443,-1.9545716758814198,-0.4322204541813722,-0.08752742988789136,2.009998725935899,-0.20180502644007206,1.9275556747278366,TRUE
Deep-OC-SORT,Hybrid-SORT,AssA,-0.3567314575648197,-0.1852280634211141,-0.2103502125265635,0.17150339414370563,-0.02512214910544941,0.14638124503825622,A_LESS,A_LESS,A_LESS,NO,NO,NO,0.0418,0.044228324742361026,0.3076818452210378,NO,NO,NO,0.0053,-0.06943646825740046,0.010324309275462965,NO,NO,NO,0.0371,0.01679806961837596,0.27625739286540496,-3.3444395887128335,2.4392916175701527,-3.1326264614913137,2.5932573046560825,-3.174221281341827,2.57708171465078,TRUE
Deep-OC-SORT,Hybrid-SORT,IDF1,-1.4140633477814433,-0.8045403958158346,-0.7913220263646679,0.6095229519656087,0.013218369451166723,0.6227413214167754,A_LESS,A_LESS,A_LESS,NO,NO,NO,0.1201,0.32244082921857464,0.9659950616684969,NO,NO,NO,0.0043,-0.013791249668459927,0.04747518788977523,NO,NO,NO,0.1238,0.32348269377844796,1.0061277077702375,-4.327652250290648,1.3799448545763038,-3.7704026615880544,2.0756318669535125,-3.7673834390732166,2.0960674473946996,TRUE
Deep-OC-SORT,Hybrid-SORT,MOTA,-1.9369481407784974,1.0890614173787867,1.0148879847922387,3.026009558157284,-0.07417343258654796,2.951836125570736,A_LESS,A_GREATER,A_GREATER,YES,YES,YES,0.9396,1.9509303798622732,4.248155550001434,NO,NO,NO,0.0136,-0.20284792030557064,0.019428162530171277,YES,YES,YES,0.9268,1.920970873737365,4.146734999596823,-2.751570635867373,-1.1635904542381135,-0.1984530689857884,2.6934170060427673,-0.24744070653206723,2.5864479657832398,TRUE
